id,text,link,duplicate_rows,author,category,date
1,"O Podemos decidiu  expulsar o deputado federal Carlos Gaguim do partido após a Polícia Federal fazer buscas a apreensões no gabinete dele na Câmara. Com isso, a legenda abre espaço para receber a senadora expulsa pelo PMDB, Katia Abreu. Por meio de nota, a legenda informou que o afastamento do parlamentar já era algo acordado entre os filiados da sigla.  “Ainda que o parlamentar tenha comunicado a conclusão de sua desfiliação para esta semana, diante dos fatos noticiados hoje, a Executiva Nacional do Podemos solicita o imediato cancelamento de sua filiação dos quadros do partido”.

O partido, que no passado chegou a cogitar lançar o parlamentar como candidato ao Senado, diz que “apoia a investigação com a ampla apuração dos eventuais crimes cometidos e a consequente responsabilização dos envolvidos, para que todos sejam punidos com o máximo rigor da Lei, independentemente de posição ou cargo ocupado”.",http://politica.estadao.com.br/blogs/coluna-do-estadao/podemos-expulsa-gaguim-e-abre-espaco-para-katia-abreu/,,Naira Trindade,politica,13/12/2017
2,"Em evento realizado nesta terça-feira para divulgar o Jogo das Estrelas, um amistoso beneficente que será realizado nesta quarta, no estádio do Maracanã, no Rio de Janeiro, Zico foi questionado sobre o ano do Flamengo. E o ídolo do clube não poupou críticas à montagem do elenco.

""Minha visão é que alguns investimentos que foram feito não surtiram efeito dentro do campo. Acho que é uma equipe supervalorizada, falei isso muito tempo antes"", reclamou. ""Não é fácil você trazer muita gente, ainda mais no meio de competição, com mudanças constantes, lesões. A coisa não funcionou"".

Na avaliação de Zico, faltou um trabalho melhor de avaliação dos jogadores contratados, especialmente os que vieram do futebol exterior. ""O futebol é isso mesmo, precisa seguir em frente e analisar quando vocês faz os investimentos, principalmente quando você vai atrás de jogadores que estão no exterior. É preciso saber como eles estão, o rendimento, questões de saúde"", alertou. ""E infelizmente não foi isso que aconteceu com alguns jogadores que o Flamengo investiu"".

Zico avaliou também que a diretoria precisa se preocupar em trazer jogadores identificados com o clube. Na reta final da temporada, muito se criticou a suposta falta de garra de alguns atletas. ""Precisa saber também o que representa a camisa do Flamengo, a história do clube"", disse. ""É preciso ser bem entendido que o Flamengo é um clube muito diferente dos outros"".

O resultado, assim, segundo ele, é que o ano termina de maneira frustrante ao torcedor. ""É lógico que o objetivo principal era ter uma boa atuação na Libertadores, o que não aconteceu. Consequentemente conseguiu chegar na Sul-Americana, chegou a duas finais. Lógico que pelo investimento era esperado que isto acontecesse. Mas ficou um gostinho amargo de não ter conquistado uma competição internacional"".","http://esportes.estadao.com.br/noticias/futebol,zico-critica-montagem-do-elenco-no-flamengo-e-uma-equipe-supervalorizada,70002131447",,Estadão Conteúdo,sociedade_cotidiano,26/12/2017
193,"Há uma nova revolução tecnológica em marcha?

Evolução da automação mudará a nossa civilização de forma impossível de prever

Vivemos numa época em que a cada dia aparecem notícias sobre descobertas extraordinárias e ideias extravagantes, como estabelecer uma colônia humana na Lua, entre outras. Elas são, em geral, apresentadas por visionários como revoluções tecnológicas e insufladas às vezes por interesses comerciais, mas não são realmente revoluções, com exceção talvez da informática e da inteligência artificial.

Há um certo consenso entre historiadores de que nos últimos 10 mil anos houve apenas duas verdadeiras revoluções tecnológicas. A primeira delas é o cultivo da terra, isto é, o surgimento da agricultura, que fixou os homens em territórios, substituindo o estágio do homem caçador. Com isso surgiram as aglomerações urbanas e depois os impérios.

A segunda foi a revolução industrial a partir dos séculos 19 e 20. Nesse período houve grandes avanços, que vão desde a teoria da evolução de Darwin à descoberta das leis do eletromagnetismo, que levaram à produção de eletricidade em larga escala, a qual permitiu o desenvolvimento de geladeiras, máquinas de lavar roupas e outros equipamentos domésticos. A eletricidade permitiu também as telecomunicações, incluindo rádio e televisão. Outros avanços ocorreram na área de medicina, como vacinas e antibióticos, que estenderam a vida média dos seres humanos. A descoberta e o uso do petróleo e gás foi feita dentro desse período.

Os benefícios resultantes para o bem-estar das populações são evidentes.

Só para dar um exemplo, em 1950 os americanos gastavam em média 30% da sua renda em alimentos. No ano de 2013 essa porcentagem tinha caído para 10%. Os gastos com energia também caíram, graças à melhoria da eficiência dos automóveis e outros fins, como iluminação e aquecimento, o que, aliás, explica por que o preço do barril de petróleo caiu de US$ 150 para menos de US$ 30. Hoje é produzido petróleo demais no mundo, como também existe capacidade ociosa de aço e cimento.

Foi esta segunda revolução tecnológica que levou também à explosão da população, da urbanização. Hoje cerca de 50% da população mundial vive em cidades, em espaços que representam apenas 1% da área terrestre do planeta. Um terço da população mundial (Europa, Estados Unidos e Japão) tem um bom padrão de vida e essa porcentagem está aumentando com o crescimento da China e de muitos outros países em desenvolvimento. Isso está sendo alcançado, de modo geral, com a tecnologia que foi desenvolvida no século 20.

Não é o número de novas descobertas que garante sua relevância. O avanço da tecnologia lembra um pouco o que acontece às vezes com a seleção natural dos seres vivos: algumas espécies são tão bem adaptadas ao meio ambiente em que vivem que deixam de “evoluir”. Esse é o caso dos besouros que existiam na época do apogeu do Egito, 5 mil anos atrás, e que continuam lá até hoje; ou de espécies “fósseis” de peixes que evoluíram pouco em milhões de anos.

Outros exemplos são produtos da tecnologia moderna, como os magníficos aviões DC-3, produzidos há mais de 50 anos, que ainda representam uma parte importante do tráfego aéreo regional.

Mesmo em áreas mais sofisticadas, como informática, isso parece estar acontecendo. A base dos avanços nessa área foi a “miniaturização” dos chips eletrônicos, onde estão os transistores. Em 1971 os chips produzidos pela Intel (empresa líder na área) tinham 2.300 transistores numa placa de 12 milímetros quadrados. Os chips de hoje são pouco maiores, mas têm 5 bilhões de transistores. Foi isso que permitiu a produção de computadores personalizados, telefones celulares e inúmeros outros produtos. É por essa razão que a telefonia fixa está sendo abandonada e a comunicação via Skype é praticamente gratuita e revolucionou o mundo das comunicações.

Esses avanços tecnológicos foram tão extraordinários que o que se pergunta agora é se haverá uma nova revolução tecnológica e até mesmo se ela é realmente necessária.

Há, contudo, áreas em que os avanços dos séculos 19 e 20 não foram suficientes, como o entendimento de como funciona o cérebro humano, o produto mais sofisticado da evolução da vida na Terra. Explicar como uma combinação de átomos e moléculas pode gerar um órgão tão criativo como o cérebro, capaz de possuir consciência e criatividade para compor sinfonias como as de Beethoven – e ao mesmo tempo fabricar armas e promover o extermínio de milhões de seres humanos –, será provavelmente o avanço mais extraordinário que o Homo sapiens poderá conseguir. Avanços nessas áreas poderiam criar uma vaga de inovações e progresso material superior em quantidade e qualidade ao que ocorreu no “século de ouro”, que foi de 1870 a 1970.

Existem pessimistas, como o físico inglês Stephen Hawking, que acreditam que nada disso vai resolver os problemas da poluição resultante da revolução industrial, em especial o aquecimento da Terra devido à emissão de gases de efeito estufa, que esses problemas são insolúveis e que teremos de emigrar para outros planetas para salvar a civilização. Esse pessimismo não se justifica. Existem soluções técnicas para os problemas que enfrentamos.

O que não existe é uma solução para os problemas decorrentes de uma possível nova revolução. O que mais se aproxima dessa nova revolução é a automação, que permitirá substituir centenas de milhões de seres humanos por máquinas, e as transformações sociais resultantes poderão ser enormes. A revolução da agricultura levou à escravidão. A industrial, à social-democracia. A eventual terceira revolução, que é a automação, mudará de forma impossível de prever a nossa civilização.

Daí a necessidade de orientar a pesquisa científica em direções que atendam melhor às necessidades humanas: novos materiais, automação, inteligência artificial, engenharia genética e suas consequências sociais.","http://opiniao.estadao.com.br/noticias/geral,ha-uma-nova-revolucao-tecnologica-em-marcha,70002123437",,José Goldemberg,ciencia_tecnologia,18/12/2017
4,"Doria vai receber Zé Celso após reunião com representante de Silvio Santos

O prefeito João Doria (PSDB) receberá o dramaturgo José Celso Martinez Corrêa e as arquitetas do Teatro Oficina no dia 29 para discutir o imbróglio das torres que Silvio Santos quer construir ao lado da sede da companhia. O vereador Eduardo Suplicy (PT), que pediu a reunião, e o maestro João Carlos Martins também devem comparecer. Doria recebeu na quinta-feira (4) representantes do Grupo Silvio Santos, o que gerou protestos do outro lado.

TÔ DENTRO
O maestro está entrando para valer na campanha em defesa do Oficina. Ele, que participou do processo de tombamento do teatro quando foi secretário da Cultura do Estado, afirma que está ""200% dentro"" da causa porque considera Zé Celso ""um herói"". Martins fará um concerto no local no dia 25, em apoio ao movimento.",http://www1.folha.uol.com.br/colunas/monicabergamo/2018/01/1949525-doria-vai-receber-ze-celso-apos-reuniao-com-representante-de-silvio-santos.shtml,,Mônica Bergamo,politica,11/1/2018
10,"Bolsonaro é um liberal completo, diz presidente do PSL

Partido de pouca expressão nacional, o PSL vive momentos de destaque inédito em sua trajetória de duas décadas.

No dia 5, a sigla anunciou que ""receberia Jair Bolsonaro e sua pré-candidatura à Presidência da República"".

A palavra ""filiação"" não consta no termo divulgado à imprensa, mas o presidente do PSL, o deputado federal Luciano Bivar (PE), diz à Folha que, ""tão certo como dois e dois são quatro"", o pré-candidato, hoje no PSC, migrará para seu partido em março.

O acordo com o segundo colocado na corrida presidencial até o momento, segundo pesquisas do Datafolha, lançou luz sobre a sigla nanica, mas também provocou uma cisão: o movimento Livres rompeu uma união de quase dois anos com o PSL, que tinha como objetivo refundar o partido com nova liderança.

Para os líderes do grupo, Bolsonaro representa o extremo oposto dos valores liberais, tanto em termos econômicos quanto comportamentais, que deveriam nortear a nova fase do partido.

Bivar, entretanto, diz que as críticas são preconceituosas. ""Foi um absurdo. A maior parte do partido foi favorável à união. Ter preconceito contra uma pessoa é fundamentalismo. Eu lamento.""

Bolsonaro representa, diz Bivar, os princípios fundadores do partido: a economia de mercado, as liberdades individuais, a livre expressão de ideias, a autonomia das instituições, o Estado de Direito.

""Não vejo nada no comportamento dele que contradiga a ideologia liberal, na área econômica ou social. É um liberal ao aceitar que cada um faça suas escolhas. Jamais faríamos como o PT, por exemplo, que apoia Cuba, onde homossexuais iam para o paredão.""

Bivar minimiza declarações do pré-candidato que contrariam essa imagem, como o elogio coronel Carlos Alberto Brilhante Ustra, um dos principais símbolos da repressão durante a ditadura militar, durante votação do processo de impeachment da ex-presidente Dilma Rousseff (PT) na Câmara, em 2016.

""Pela família e inocência das crianças que o PT nunca respeitou, contra o comunismo, o Foro de São Paulo e em memória do coronel Brilhante Ustra, o meu voto é sim"", declarou na ocasião.

""Não se deve rotular Bolsonaro por isso"", diz Bivar. ""Não foi um erro. Cada um tem suas convicções. Não sei se o Ustra foi um torturador ou não. Muitas vezes criam-se factoides e toma-se aquilo como verdadeiro.""

Segundo o relatório final da Comissão Nacional da Verdade, na gestão de Ustra o DOI-CODI de São Paulo foi responsável pela morte ou desaparecimento de ao menos 45 presos políticos.

Bivar também não vê contradição em um suposto liberal fazer elogios a uma ditadura.

""É preciso entender que naquele período [na ditadura] estávamos diante de uma situação muito delicada. A ameaça comunista era muito grande. Então o povo clamou pelos militares"", diz.

""Eu faço alguns elogios ao regime militar também. Toda a infraestrutura do Brasil foi feita no governo militar. Foi um regime de transição, e os próprios militares devolveram o poder de forma absolutamente espontânea. Reconhecer isso não torna ninguém menos liberal.""

Sobre o fato de Bolsonaro ser réu Supremo Tribunal Federal, sob acusação de incitação ao estupro, avalia que as falas dele tiveram seu sentido deturpado. Em discurso no plenário da Câmara, em 2014, Bolsonaro disse que só não estupraria a colega Maria do Rosário (PT-RS), ex-ministra de Direitos Humanos, porque ela ""não merecia"".

""Ele nunca falou que iria estuprar a deputada. Nunca fez nenhuma incitação. Agora, se querem deturpar, paciência. Não faz sentido nenhum o acusarem.""

""Além disso, como é que pode um cara ser processado por uma declaração dada na tribuna do Congresso, um direito legítimo e constitucional de você expressar suas opiniões? Essas coisas não podem existir no Estado de Direito.""

Segundo Bivar, Bolsonaro foi atraído pelo discurso transparente e probo do PSL.

""Se alguém no PSL pensa que vai se locupletar no futuro com uma eventual vitória de Bolsonaro, é melhor procurar outro partido. Ninguém se juntará a nós por achar que poderá participar do poder por participar.""

Ele define o presidenciável como um homem bem intencionado e puro, que ""fala o que sente, o que vem da alma"". ""Essa é a grande diferença. Não é um político que fica em cima do muro. A imprensa terá uma surpresa muito grande e positiva com relação ao comportamento que vamos apresentar.""

*POLÊMICA NO FUTEBOL*

Luciano Bivar foi eleito para a Câmara Federal pela primeira vez em 1998. Iniciou seu segundo mandato, como suplente, em julho do ano passado. Candidato a presidente em 2006, sempre pelo PSL, recebeu 0,06% dos votos.

Além da política, tem longa atuação como dirigente esportivo. Foi quatro vezes presidente do Sport Club do Recife.

Em maio de 2013, foi suspenso do posto por 180 dias, pelo Superior Tribunal de Justiça Desportiva, após ter declarado que pagou a um lobista para ""empurrar"" um jogador do Sport, Leomar, para a seleção brasileira em 2001.

Na ocasião, Bivar disse que a decisão foi absurda. ""Eu fiz marketing. Então a 9ine, do Ronaldinho, também deveria ser suspensa. É uma empresa de marketing"", declarou.

Em dezembro de 2013 se afastou do comando do clube para se dedicar à campanha eleitoral do ano seguinte.

Na eleição deste ano pretende se reeleger deputado federal.",http://www1.folha.uol.com.br/poder/2018/01/1949909-bolsonaro-e-um-liberal-completo-diz-presidente-do-psl.shtml,,Marco Rodrigo Almeida,politica,12/1/2018
