source,metric,human_n,human_mean,human_std,machine_n,machine_mean,machine_std,shapiro_p_human,shapiro_p_machine,t_statistic,t_p_value,u_statistic,u_p_value,cohens_d,effect_size
fakebr,dictionary_coverage,14,72.97494580260884,5.263988451975642,14,70.9671717707212,2.670851003583081,0.509133866363897,0.7281212580551883,1.2726850972257513,0.2143934263310812,128.0,0.17527213921127915,0.4810297520796283,small
fakebr,function (Function Words),14,46.79296761828995,3.713352104599851,14,43.42851797015974,1.143885582033784,0.7834427541652007,0.37378923476149895,3.2398591852040703,0.00326321206942699,161.0,0.004082315868979593,1.2245516695597607,large
fakebr,pronoun (Pronouns),14,19.419468708243468,3.2018169838494863,14,16.25782558316208,1.9021290815398528,0.25055598968308834,0.8796749299732775,3.176456465336142,0.0038190040168676466,151.0,0.015854266897989498,1.2005876939575275,large
fakebr,ppron (Personal Pronouns),14,11.426204835402627,2.3878872403056723,14,8.608595192836066,0.9152575621356439,0.7004102261387197,0.18824165010394894,4.1225493894963,0.0003393990574125164,167.0,0.0016447784088197317,1.5581772074554805,large
fakebr,i (I),14,0.8189491066815949,1.137571245051294,14,0.025510204081632654,0.09545044354015154,0.0008939999774418351,2.1898473488433645e-07,2.600611333391309,0.015147938578310906,136.0,0.023493984602129057,0.9829386921270697,large
fakebr,we (We),14,0.19751536858711405,0.3475339663863092,14,0.21815530958120158,0.1974947673184838,8.22608300214905e-05,0.0006460349431027719,-0.1931993981282193,0.8483041394938254,81.0,0.4007109625341868,-0.07302250869923227,negligible
fakebr,you (You),14,0.9192913024859519,0.7325590745526834,14,0.4934183734276088,0.6110808431233483,0.03035291155036442,0.004446584957489751,1.6703536113132311,0.1068462783582455,141.0,0.048952030339545434,0.6313343224390648,medium
fakebr,shehe (SheHe),14,8.780555654061269,2.0652005701252727,14,7.2224337120910205,0.9151451066083156,0.5474104550242653,0.024785534858856217,2.580905385134826,0.01584936227726461,149.0,0.020321527411057402,0.9754905437791608,large
fakebr,they (They),14,1.8377206298371118,1.1065754166650734,14,1.5447715615591593,0.6459066228059809,0.996837548308795,0.9160480601261196,0.8554775996788385,0.4001019274028592,113.5,0.4905691312298234,0.3233401401338109,small
fakebr,ipron (Impersonal Pronouns),14,15.347229159017726,2.51699304499159,14,14.388987971091748,1.9759063365794185,0.6844364293230378,0.9652802932556022,1.1204702462946456,0.2727568952035154,124.0,0.24133124222644808,0.4234979461632748,small
fakebr,article (Articles),14,14.559789786115607,2.691419618794055,14,14.647370754002948,2.2466547394798737,0.649286522639541,0.13547761624410726,-0.0934709522280432,0.9262459970778597,90.0,0.7303893910726622,-0.035328699200543,negligible
fakebr,prep (Prepositions),14,18.717579688988547,3.34373448093196,14,20.436282354934292,2.4760311363238254,0.653854737532588,0.04560858373708392,-1.5456104547499159,0.13428496368138168,68.5,0.18264173394516614,-0.5841858410071039,medium
fakebr,auxverb (Auxiliary Verbs),14,4.209416043037589,1.7917397776702504,14,3.389594644956032,1.1486800638466386,0.3517188550988559,0.3193034341370343,1.4412651391993154,0.16144626323212327,121.0,0.3012190100323505,0.5447470188040398,medium
fakebr,adverb (Adverbs),14,10.462029418554211,2.5309997036512177,14,9.263807348149998,1.7018397226563586,0.33699626575032793,0.7752332293426065,1.4699686659888507,0.15356861198227645,127.0,0.1903620311330284,0.5555959321805527,medium
fakebr,conj (Conjunctions),14,7.590043093034042,2.14463343647792,14,8.996584114823813,1.253508214806257,0.9960036263100388,0.20625193264056585,-2.118595072262002,0.04383927017307696,57.0,0.06276097745480774,-0.8007536700074533,large
fakebr,negate (Negations),14,2.583217031739919,1.691481041733005,14,1.247388813217126,0.6800520132005647,0.3973996557807389,0.9379469588179041,2.741647637745687,0.010912384681022158,144.5,0.03452529925181969,1.0362454045775409,large
fakebr,verb (Verbs),14,11.218531855884388,3.222694018763712,14,7.693592887291183,2.2889913723619415,0.5483720703606473,0.04458541681769106,3.336585789894054,0.0025626246472689683,158.0,0.0062449393872249835,1.2611108897273822,large
fakebr,adj (Adjectives),14,3.2128679953492116,2.0423893937625763,14,4.815197622280619,1.2303961844476505,0.2390395410646311,0.22990369633718072,-2.514443558196995,0.0184438905937657,44.0,0.013963504288693081,-0.950370334385373,large
fakebr,compare (Comparisons),14,1.7830540816053522,0.9506404483165264,14,1.5679571518894442,0.6405789425403322,0.01211934227757205,0.0003103342696475413,0.7020868769987766,0.4888630761417903,113.0,0.5051985674298949,0.2653638964715367,small
fakebr,interrog (Interrogatives),14,4.028987385904679,1.5481879884498733,14,4.458488785732776,1.286066133693643,0.4737628760199478,0.2676833752459673,-0.7984641200877871,0.4318345706313459,78.0,0.3701980812474539,-0.3017910703657567,small
fakebr,number (Numbers),14,2.7104239787978144,1.1864740064301285,14,2.901574347091167,0.87512256649427,0.5977400656571306,0.16123748490627532,-0.4851246394218992,0.6316505441938479,78.5,0.3825947281400598,-0.1833598786828895,negligible
fakebr,quant (Quantifiers),14,1.6746894669822285,0.8124560008994614,14,0.9860927231616606,0.669505195020397,0.5242806741406814,0.5495380955369272,2.447349608033174,0.021457401280010027,150.0,0.01796661080755547,0.9250112048695973,large
fakebr,affect (Affect),14,4.330946643128718,2.1569577027680995,14,5.155180934564368,1.89603020378108,0.7556029023793458,0.6617660912080322,-1.0738812134089772,0.29274179803955064,84.0,0.5350644544782063,-0.4058889469006336,small
fakebr,posemo (Positive Emotions),14,1.7378402521354723,1.383147920572553,14,2.426938120828602,0.8116119934081415,0.24846982779702248,0.8472539300263409,-1.6077751009493626,0.1199619751277862,54.5,0.04812180868729199,-0.6076818687476829,medium
fakebr,negemo (Negative Emotions),14,2.5670375693039866,1.6324696044486067,14,2.7282428137357644,1.816197512442507,0.8050625634252047,0.023202656166815473,-0.24699687866189146,0.8068505603743282,103.0,0.8361495228371638,-0.09335604507836583,negligible
fakebr,anx (Anx),14,0.3612512080082286,0.5134813148503736,14,0.5160671418417512,0.677805249587554,0.0008521429460575094,0.001870868802301686,-0.6812171826683323,0.5017569387271673,83.0,0.4763666623354891,-0.2574758934520667,small
fakebr,anger (Anger),14,0.8761247692353243,0.8838714350995182,14,1.0421776713770055,0.6906070270275311,0.030757221442441522,0.5570676627602033,-0.5539127745351272,0.5843715163251483,76.5,0.3339319393021003,-0.2093593499202482,small
fakebr,sad (Sad),14,0.6728828125465872,0.8166784320634062,14,0.1934026322384028,0.3614867423934873,0.003139304644866886,5.079483901262577e-05,2.0087792587833535,0.05505095682902751,132.0,0.08797651778361636,0.7592471939379163,medium
fakebr,social (Social),14,7.656284641097963,3.6310312828186677,14,5.841947000173245,1.4448775316849087,0.8399373216909041,0.6817481450453983,1.7371340307424559,0.09419829385876743,130.0,0.14779838390287722,0.656574948475967,medium
fakebr,family (Family),14,0.7029333342296226,0.9942212784882378,14,0.3875788136649322,0.5608270779995841,0.0011133535713299563,0.0009928293973104753,1.0336901485004828,0.31080070532421095,107.5,0.646628465692338,0.3906981522328148,small
fakebr,friend (Friends),14,0.4744123974125329,0.7085085240434503,14,0.5780497991830993,0.716956311304798,0.00021561007546369769,0.006741154761132936,-0.38470815947517534,0.7035825591058864,94.0,0.8669720801777108,-0.1454060167583844,negligible
fakebr,female (Female),14,0.7379595349144256,1.093195578814337,14,0.3419953878393516,0.5482872146637469,0.0005852440129331475,2.7301665299824965e-05,1.211429922741488,0.2366265422049902,103.0,0.8251078930523493,0.4578774723365953,small
fakebr,male (Male),14,1.7542672599015543,1.4996699764450965,14,0.6828393022234976,0.676998203047177,0.02309521531940626,0.05882485721147266,2.4364408074261354,0.021988256136141984,148.0,0.02275466768804389,0.9208880657969953,large
fakebr,cogproc (Cognitive Processes),14,10.70560534419333,3.853579188314489,14,10.318545247990913,2.182872027917811,0.8763693734096709,0.1423926962405147,0.3270003596110875,0.7462857215045755,101.0,0.9085487981709219,0.12359451859423246,negligible
fakebr,insight (Insight),14,1.468566367654484,1.0752612754200672,14,1.7508548996436868,0.8085111207924075,0.5063557749955736,0.11119899869290395,-0.7851139922742824,0.4394826956959528,79.0,0.395242574219825,-0.29674519634211965,small
fakebr,cause (Causal),14,2.9538717186497827,1.4629252586024568,14,2.9657666184807754,0.6927082303793342,0.06484656660312453,0.8357177373631627,-0.027496320118407795,0.9782738421680129,85.0,0.5656805044340061,-0.010392632143247016,negligible
fakebr,discrep (Discrepancies),14,1.776051588814667,1.1909335635113325,14,1.3997995791712812,0.8684565356093219,0.34987716314201356,0.7788877226146974,0.955122343448779,0.3483126164024232,121.0,0.30055667593580404,0.36100231320095594,small
fakebr,tentat (Tentative),14,1.7169680183641376,1.4345838492234153,14,1.672454585234884,1.0162444629063432,0.014487294310308945,0.6517430040410408,0.09473725720699278,0.9252498880415311,96.0,0.9450220361576577,0.03580731749458064,negligible
fakebr,certain (Certainty),14,1.3197831859548903,0.8556837618521254,14,1.0855097996575787,0.6107136825683503,0.6491609192054211,0.0874088260529825,0.8338217787062726,0.4119767484906203,108.5,0.6456658926340749,0.3151550091723328,small
fakebr,differ (Differentiation),14,3.1073693425747932,1.902248705318685,14,2.6946134096244783,1.1717676795356988,0.7628910858901122,0.9014879830594613,0.6912543947168798,0.4955319911860774,112.0,0.5350644544782063,0.2612696030144778,small
fakebr,percept (Perceptual Processes),14,3.5229005291484614,2.139615308103023,14,1.3972521117146677,0.7484601408346575,0.522411421051908,0.43027832231254565,3.5087483449825836,0.0016589195598623544,163.5,0.0028172238391609935,1.3261822191333401,large
fakebr,see (See),14,1.3239170641539608,1.2111273432663237,14,0.6794076619809543,0.5147831240080168,0.002028858826535038,0.11262737431805947,1.832485332306255,0.07835681099145697,130.0,0.14768748853392522,0.6926143529222724,medium
fakebr,hear (Hear),14,1.4273791998295031,1.4849971242032896,14,0.39398821719848043,0.42071985043639276,0.05185532239499048,0.018718433653522885,2.5051723037009377,0.018835607884738963,142.0,0.04208662147529927,0.9468661295656366,large
fakebr,feel (Feel),14,0.978643602639118,0.9422356613341581,14,0.39984407448052156,0.5254706962994846,0.09258613663859899,0.003500874644410077,2.0073782889113763,0.0552090352411821,134.0,0.0924561670154828,0.7587176770985526,medium
fakebr,bio (Biological Processes),14,1.2277123579892855,1.357363277964913,14,1.3795790953853886,1.7578832110773743,0.0049880446074940556,0.0002516911422615372,-0.2558522495858914,0.8000783084617203,90.0,0.7283817128525596,-0.09670306068295674,negligible
fakebr,body (Body),14,0.19174406913011235,0.3737204307304464,14,0.38160575389810847,0.5163375788790612,4.343178160035552e-05,0.0018242570795298433,-1.1145336700836823,0.2752471839141532,73.0,0.2014809543100693,-0.4212541312642189,small
fakebr,health (Health),14,0.5733868211805941,0.790920451032291,14,0.6883401662123265,1.4075815760607568,0.0012502359717831515,9.193963383903698e-06,-0.26639640226507133,0.7920352873561698,95.0,0.9022918070244421,-0.10068837579367179,negligible
fakebr,sexual (Sexual),14,0.02915451895043732,0.10908622118874468,14,0.05048522905665763,0.12833962469770782,2.1898473488433645e-07,1.770007377870784e-06,-0.4738414609354737,0.6395678898193295,92.0,0.6379741418501974,-0.17909523807239863,negligible
fakebr,ingest (Ingest),14,0.48584810332306494,0.669964213095902,14,0.33828983919595984,0.31931447450263667,0.0011738352141452198,0.03696024445852454,0.7439181537275177,0.4635965184832528,102.0,0.8682448544869872,0.2811746329356185,small
fakebr,drives (Drives),14,9.960019814324399,3.964950451497592,14,11.823371480075776,2.577115474752508,0.06260019894035988,0.2633247173740088,-1.474348196395642,0.15239430082384212,57.0,0.06276097745480774,-0.5572512390827835,medium
fakebr,affiliation (Affiliation),14,1.8674320327967906,1.5966526440309583,14,2.0206227275546707,1.2515112053668855,0.08214298893677124,0.21078309924021782,-0.2825406120236786,0.779766135305079,91.5,0.7826441579204735,-0.1067903135272342,negligible
fakebr,achieve (Achievement),14,1.3481944752969905,1.291432141183282,14,1.506333647375295,0.7713459913281615,0.04533704723287456,0.07747466006078695,-0.39335358952676225,0.6972654059550756,83.0,0.5049652741427626,-0.14867368217177057,negligible
fakebr,power (Power),14,4.412825093541084,4.297233535159004,14,5.6131312548738155,2.08965804731419,0.000266960164939441,0.9932815164812241,-0.9398869970717552,0.3559261965196315,50.0,0.02907155995483803,-0.355243893536451,small
fakebr,reward (Reward),14,2.0898889161437277,0.8900544320287508,14,2.534721243353307,0.8901431271349097,0.4386456791122987,0.8814659801089657,-1.322230451782909,0.1976061664430557,68.0,0.17527213921127915,-0.49975613590487966,small
fakebr,risk (Risk),14,1.8461083139596994,0.8469211567065331,14,2.7025962643606767,0.9325040934742843,0.9031587025155035,0.5613218345414105,-2.544009901386899,0.01724452178487746,51.0,0.032633216065285,-0.9615453617079553,large
fakebr,focuspast (Past Focus),14,3.4049169690526147,1.8792674851933817,14,0.9901031823101626,0.8028403862404871,0.697960876283438,0.023940852847279658,4.421372174534756,0.0001547780168305541,179.0,0.00021619963376844743,1.6711216039256902,large
fakebr,focuspresent (Present Focus),14,5.598385938763035,2.2832943524605875,14,4.943379389308844,1.5829713673373333,0.9794892313403433,0.1820529297334672,0.8821097634213273,0.3858002865953581,121.0,0.3012190100323505,0.333406151867836,small
fakebr,focusfuture (Future Focus),14,1.082605541255741,1.1096539403769625,14,0.8739757669708524,0.7085616659496279,0.07426960129645965,0.14664039498580594,0.5929143677931549,0.5583609599051423,101.0,0.9080969507693564,0.2241005665625389,small
fakebr,relativ (Relativity),14,14.242187369159407,3.2955354196895943,14,14.170305140784166,3.2732361296456176,0.5076862172997627,0.6696370590071773,0.0579047094845855,0.9542672721705668,100.0,0.9450520886884962,0.02188592300509376,negligible
fakebr,motion (Motion),14,5.164860527902027,1.5764535429253528,14,3.605597002244901,1.7827207493115484,0.3694352882554929,0.5360703381461599,2.45159535894275,0.021254000836641838,150.0,0.017950898483616456,0.9266159478746637,large
fakebr,space (Space),14,6.886237483662576,2.878408446705878,14,8.734801559189114,1.8137768693754917,0.08083448650475455,0.36206073905152375,-2.0330011270037973,0.05238034223143997,51.0,0.032633216065285,-0.7684021995951553,medium
fakebr,time (Time),14,5.171654043252078,2.065048561404713,14,5.917292804413429,1.9246833480084076,0.11117029921085908,0.10414665312450594,-0.9883145082509792,0.33210751200131383,88.0,0.6624285167243704,-0.37354777227845487,small
fakebr,work (Work),14,3.082110612392074,2.245656765434155,14,5.4155430992343385,2.0848099578192967,0.399437547199091,0.537221646865367,-2.849313124240157,0.008457621750130205,39.0,0.007189446789606673,-1.0769391334417056,large
fakebr,leisure (Leisure),14,1.6973287862148942,1.5317005120657698,14,0.7388638292352621,0.989275920667466,0.15160513947708437,0.0011952668391048374,1.966795642098985,0.05996518175797004,141.0,0.04704057156889179,0.7433788783827876,medium
fakebr,home (Home),14,0.23468922755343527,0.48210532341790885,14,0.12737596833050377,0.2991506845354868,2.6478604119590493e-05,6.469331525328538e-06,0.7076942488717286,0.4854311529926386,106.0,0.6505048529949458,0.2674832838264638,small
fakebr,money (Money),14,0.7244496392532795,1.109867885754368,14,1.4262361706603148,1.1210373111026506,0.0005160599118185375,0.010774492434239724,-1.6645524580416036,0.10800936931407584,50.5,0.02890354260191259,-0.6291416925999085,medium
fakebr,relig (Religion),14,0.6222547266893939,1.1796803493335302,14,0.025510204081632654,0.09545044354015154,3.8294854245816916e-05,2.1898473488433645e-07,1.8865622235423136,0.07043501249573504,134.0,0.0319937659663395,0.7130534966202865,medium
fakebr,death (Death),14,0.16979337706120234,0.4207099259100349,14,0.14033916934914029,0.4302801998854323,4.269479955194765e-06,8.181437603496489e-07,0.18313627580024971,0.8561117342448437,104.0,0.7051557172770828,0.06921900597171386,negligible
fakebr,informal (Informal Language),14,0.7612313836308481,0.9424694923897587,14,0.19291221012738677,0.4881278901589477,0.006680711124767505,3.554790011374485e-06,2.0034907377437126,0.05564978564173843,142.5,0.02503002007763264,0.7572483208701701,medium
fakebr,swear (Swear),14,0.0,0.0,14,0.0,0.0,,,,,98.0,,0.0,negligible
fakebr,netspeak (Netspeak),14,0.34426103769169464,0.8257044114092229,14,0.12755102040816327,0.47725221770075793,4.698055844045836e-06,2.1898473488433645e-07,0.8502133811548351,0.40296831899534025,118.0,0.17976018212717892,0.3213504525535805,small
fakebr,assent (Assent),14,0.3648327025606341,0.43972099776488316,14,0.037993920972644375,0.1421602350598002,0.008060601101099041,2.1898473488433645e-07,2.6462659436494067,0.013632514269613904,141.5,0.013233900352968267,1.0001945128337133,large
fakebr,nonflu (Nonfluencies),14,0.10427528675703858,0.3901623969524443,14,0.027367268746579094,0.10239894326146531,2.1898473488433645e-07,2.1898473488433645e-07,0.7133875500130935,0.48196080546320985,98.5,1.0,0.26963514939204264,small
fakebr,filler (Filler Words),14,0.06517205422314912,0.2438514980952777,14,0.027367268746579094,0.10239894326146531,2.1898473488433645e-07,2.1898473488433645e-07,0.5348349020810071,0.5973088115915454,98.5,1.0,0.2021485919119895,small
faketruebr,dictionary_coverage,6,66.14966250073073,12.209527617596752,6,71.45414524491078,3.931184586816229,0.24701882420331794,0.6108602670992161,-1.0129788345705109,0.3349522449421377,15.0,0.6991341991341992,-0.5848436028226777,medium
faketruebr,function (Function Words),6,41.13654117801297,2.3798930968000547,6,45.58486104988708,2.076199790132672,0.16202955705011785,0.628722596202903,-3.4500559520465695,0.006225595789133967,3.0,0.015151515151515152,-1.9918907326333573,large
faketruebr,pronoun (Pronouns),6,14.43693634670286,5.141688659734055,6,16.97942392652708,1.6555750960525137,0.6058602693713596,0.8921529979607141,-1.1529421459897278,0.2757484161638779,12.0,0.3939393939393939,-0.6656514583472342,medium
faketruebr,ppron (Personal Pronouns),6,8.360435889506194,3.6504979077397004,6,9.702154319229335,1.6479318397160254,0.42776673922861863,0.35572327176692325,-0.820559858862592,0.43102255407694223,15.0,0.6991341991341992,-0.47375045540051874,small
faketruebr,i (I),6,0.0,0.0,6,0.1592356687898089,0.3900461373858564,,2.0729244384981775e-05,-0.9999999999999998,0.34089313230206003,15.0,0.40465676192728617,-0.5773502691896257,medium
faketruebr,we (We),6,0.20576131687242796,0.5040102351405715,6,0.399182231043552,0.3787681066557159,2.0729244384981846e-05,0.5062469520090362,-0.7514759418607682,0.46968241903522073,11.0,0.24578548520722965,-0.43386483732284203,small
faketruebr,you (You),6,0.0,0.0,6,0.7167047386180636,0.9075825384027212,,0.0388017042091061,-1.934326445877533,0.08184626384997652,6.0,0.028440662266474792,-1.1167838942280057,large
faketruebr,shehe (SheHe),6,6.679911634064666,3.5046586890939335,6,8.226591768275732,1.275573777350434,0.605706035416988,0.24363985985104425,-1.015820383783235,0.3336619005969595,12.0,0.3939393939393939,-0.5864841720255596,medium
faketruebr,they (They),6,1.4747629385690997,1.297047144142023,6,1.428931356951421,0.8346865248550327,0.7232271603754861,0.6385991920437522,0.07278472524477328,0.943412662263444,17.0,0.9372294372294373,0.042022280712962816,negligible
faketruebr,ipron (Impersonal Pronouns),6,12.657792761872772,4.860140166403102,6,14.9920746697423,1.414960923312874,0.5059818784102265,0.5793769958837537,-1.1295703643192045,0.2850240709902189,11.0,0.30952380952380953,-0.6521577539083162,medium
faketruebr,article (Articles),6,16.599691319155948,4.04858338249799,6,15.974023256626367,1.0133065160605037,0.5532787199226437,0.4752444170957947,0.3672169710890934,0.72110916400913,21.0,0.6991341991341992,0.2120128171092871,small
faketruebr,prep (Prepositions),6,19.05906311467105,2.2853310246301817,6,21.266856341529085,1.6218695064250055,0.6183339640185892,0.18095959873600564,-1.9297930231316451,0.08246263598940669,8.0,0.13203463203463203,-1.114166521385317,large
faketruebr,auxverb (Auxiliary Verbs),6,3.447653013123592,5.369295124635356,6,3.6598340358218504,1.2874037008192178,0.001471297473656582,0.2567632111048917,-0.0941297014560223,0.9268654758752637,6.0,0.06493506493506493,-0.05434580847437358,negligible
faketruebr,adverb (Adverbs),6,5.667845022505822,4.1634294588925265,6,8.790183119149926,1.4738892055553034,0.031409798668598984,0.10665693356943184,-1.731673222027062,0.11400684223246202,6.0,0.06493506493506493,-0.9997820008857907,large
faketruebr,conj (Conjunctions),6,8.217109232027983,2.3242444139155354,6,8.365620072642091,0.9428579097682378,0.2827566219459643,0.09318451404095013,-0.14503430035075388,0.8875653622925657,21.0,0.6991341991341992,-0.08373559234923679,negligible
faketruebr,negate (Negations),6,0.25013448090371165,0.4002925246405922,6,1.2260747164122077,0.5592203133691312,0.006689519264807943,0.8249091137716787,-3.4760496415045834,0.005960459023288626,3.0,0.01810094873944969,-2.006898196239173,large
faketruebr,verb (Verbs),6,9.71338447419764,4.022339678643492,6,7.029147524128164,1.958648236032501,0.39656287035153226,0.8102697855136081,1.4696470367015881,0.17240360881411568,25.0,0.30952380952380953,0.8485011122533976,large
faketruebr,adj (Adjectives),6,3.0621277806372613,2.6745672284035553,6,4.779291333879665,1.9719670395155662,0.02810735530205926,0.6983253743743599,-1.265797187689418,0.2342802336052263,9.0,0.17965367965367965,-0.7308083470519567,medium
faketruebr,compare (Comparisons),6,1.6449595815687548,1.1015773061886063,6,0.986221486830833,0.5615018576244699,0.26598489933019887,0.31078001260820276,1.3050260768642,0.22111380105209869,25.5,0.26149617619114607,0.753457156777027,medium
faketruebr,interrog (Interrogatives),6,2.8514557228377253,0.4500757131881918,6,3.865531199634621,0.5757766987442284,0.4464864790618315,0.04490660231215216,-3.398911999853118,0.006783462423504414,4.0,0.025974025974025976,-1.9623627580670469,large
faketruebr,number (Numbers),6,1.9568331417369187,1.7720755660589207,6,2.925577418638834,0.6399109352282423,0.3446066422356823,0.6435786972347595,-1.2594665463381751,0.2364640515057805,12.0,0.3776423913808655,-0.7271533495636737,medium
faketruebr,quant (Quantifiers),6,1.2375015425317681,1.7564201625735667,6,0.8129909656612458,0.2990151369110489,0.033232316149215284,0.93184328059018,0.5836222241880968,0.5724020914150674,13.0,0.46804160590041655,0.33695444824004583,small
faketruebr,affect (Affect),6,4.78236747710925,4.528639569906398,6,4.684579157307979,1.3175478183855363,0.019134254225040833,0.13498426119876722,0.050786841126302704,0.9604955086607603,11.0,0.30952380952380953,0.029321796395561626,negligible
faketruebr,posemo (Positive Emotions),6,1.7562871031896599,1.9877125427966993,6,2.3146382398972567,0.9890459160662546,0.10945483230957304,0.7553998538221434,-0.6160191855802216,0.5516450837617705,10.0,0.24025974025974026,-0.35565884262071495,small
faketruebr,negemo (Negative Emotions),6,2.874565222404437,2.7033543516537004,6,2.3699409174107227,1.0187526354570795,0.01167975146984604,0.30324881122972147,0.42786333882808286,0.6778185481737596,18.0,1.0,0.2470270138487657,small
faketruebr,anx (Anx),6,0.0,0.0,6,0.7971999383213976,0.632680762141451,,0.07086054818150274,-3.0864429404431073,0.01151354376015944,0.0,0.00277843011009903,-1.7819586625032477,large
faketruebr,anger (Anger),6,1.9188286984797933,2.05421763277968,6,0.6926110264758507,0.42045803567979123,0.29431302684353533,0.9124167037386146,1.4324681122798406,0.18251958052763578,24.0,0.3751171348317355,0.8270358502303211,large
faketruebr,sad (Sad),6,0.228310502283105,0.559244233512141,6,0.13341017759562843,0.20676742410418775,2.072924438498211e-05,0.0018265570171283867,0.38986955136608326,0.7048077517143426,16.0,0.7525537501972419,0.22509129043004678,small
faketruebr,social (Social),6,4.7764269919940086,1.9590241294247195,6,6.069866432623335,2.432242476880656,0.20932846835286695,0.014229109214185891,-1.014471198814105,0.33427410147547143,14.0,0.5887445887445888,-0.5857052197204459,medium
faketruebr,family (Family),6,0.8582706369850732,1.1612269983036143,6,0.32491738203075626,0.42331262402834996,0.06023170454909523,0.08929942331334745,1.057011761817214,0.3153722307174859,21.5,0.6081018934263644,0.6102660252217691,medium
faketruebr,friend (Friends),6,0.5483405483405484,0.9686399103514235,6,0.5847100106321107,0.574930961834146,0.00377834545216279,0.4810240377892455,-0.0790886931743749,0.9385223474038559,14.0,0.5496738785015601,-0.04566187829408107,negligible
faketruebr,female (Female),6,0.7823973937888863,1.6466835496875905,6,0.22792095185034608,0.28204167044109335,0.00026837749118948707,0.10505891485111657,0.8129613893180401,0.4351680067437139,17.0,0.9288589606004443,0.4693634769635426,small
faketruebr,male (Male),6,1.343510956646359,0.9120740429930981,6,0.4371181799030967,0.8515368997250403,0.43832526828020496,0.0009431919504910068,1.7792975077759312,0.10554739593492017,29.0,0.08126226025421077,1.0272778950828643,large
faketruebr,cogproc (Cognitive Processes),6,6.873293737983563,1.657892304867846,6,10.192721396588277,2.946897950804471,0.8874985598277771,0.3093019257906901,-2.404707491860449,0.03701668166754531,5.0,0.04112554112554113,-1.38835851774794,large
faketruebr,insight (Insight),6,1.1283160131748058,1.1096369696260473,6,1.7916417399907554,0.8880151830713447,0.22193275863677958,0.06583936055531336,-1.1432501751303488,0.27956569516304514,10.0,0.2289506814145954,-0.6600557963625936,medium
faketruebr,cause (Causal),6,1.7801001264973806,1.0021530137938417,6,2.8012101859332557,1.1672504456120278,0.30890509310613107,0.6877969925664945,-1.6258064534872694,0.135051445217353,8.0,0.13203463203463203,-0.9386597935711057,large
faketruebr,discrep (Discrepancies),6,1.34235751419737,0.8290978871368073,6,1.7062916480821668,0.5487207597495967,0.8470648910871995,0.8026531803162473,-0.8966244282723066,0.39099352463768505,14.0,0.5887445887445888,-0.5176663550250106,medium
faketruebr,tentat (Tentative),6,1.2286170910207292,1.5117289498462967,6,1.4461609208747068,0.35244590349871274,0.04413585993388022,0.03934706377307815,-0.3432852131633122,0.7384915427951424,7.0,0.09212510369170912,-0.19819581022865634,negligible
faketruebr,certain (Certainty),6,0.7492500002621459,1.0781706642606066,6,0.9095521694551062,0.801123114132273,0.04380211479609183,0.49610195465563295,-0.29232545903317925,0.776012965029881,15.0,0.6780706794876312,-0.16877418246378695,negligible
faketruebr,differ (Differentiation),6,1.9389389204953755,1.1158752438453388,6,2.4928242889537904,1.169589357457307,0.1571056753390656,0.5092034228130357,-0.8392978391392276,0.42091334645633743,16.0,0.8181818181818182,-0.4845688333573043,small
faketruebr,percept (Perceptual Processes),6,3.2233146539064124,3.0043230961361616,6,1.7989491107207618,1.7089762318039543,0.06489521692806705,0.5834894779869266,1.0094288293144738,0.33656951238361077,21.5,0.6303555263618644,0.5827940063324801,medium
faketruebr,see (See),6,1.1147722187043356,0.9557758753553763,6,1.2486460917012234,1.749842650228199,0.44274337462537255,0.03645983298536548,-0.16446668256181257,0.8726406488055524,18.0,1.0,-0.09495488344978723,negligible
faketruebr,hear (Hear),6,0.25013448090371165,0.4002925246405922,6,0.24879223296752884,0.32485355042868225,0.006689519264807943,0.07557946639756805,0.0063776450933448305,0.9950368466584847,17.0,0.9288589606004443,0.0036821351114385333,negligible
faketruebr,feel (Feel),6,1.8584079542983651,2.5614252796300057,6,0.3015107860520095,0.569053001890373,0.017364653429244502,0.001531784671652371,1.453424203480324,0.17675672467121065,23.0,0.421671443406874,0.8391348551260824,large
faketruebr,bio (Biological Processes),6,0.5436855841714141,0.6035454670190231,6,0.5225810317586101,0.3517220966967142,0.02032762424648502,0.0014496088258643333,0.07400358070928936,0.9424669338616565,15.0,0.6868382188662738,0.04272598724350441,negligible
faketruebr,body (Body),6,0.0,0.0,6,0.1760530933003067,0.1942199810143386,,0.021080886223757915,-2.220370138912299,0.05066275940758485,9.0,0.0740099699862347,-1.2819312974016226,large
faketruebr,health (Health),6,0.15151515151515152,0.3711348095126028,6,0.264019687633221,0.493801627145546,2.0729244384981846e-05,0.0017510194012261857,-0.4461205554003296,0.6650145166793346,15.0,0.5992659619828535,-0.2575678227514056,small
faketruebr,sexual (Sexual),6,0.0,0.0,6,0.0,0.0,,,,,18.0,,0.0,negligible
faketruebr,ingest (Ingest),6,0.39217043265626267,0.6075635884284686,6,0.08250825082508251,0.2021031140910213,0.001458677878095431,2.0729244384981846e-05,1.1846304508353667,0.2635541831106072,22.0,0.4619504545877914,0.6839467096800267,medium
faketruebr,drives (Drives),6,7.111396901449834,3.69995085785561,6,10.363797879747452,2.041868957976934,0.9742441914793702,0.885918155578941,-1.8851798049294965,0.08876376987143356,8.0,0.13203463203463203,-1.088409067846891,large
faketruebr,affiliation (Affiliation),6,1.9229233484928923,1.4117260994131187,6,1.946544736557852,0.8830223947830986,0.0009624555467082646,0.648234862505301,-0.03474798830395057,0.9729645173624165,15.0,0.6991341991341992,-0.02006176040108383,negligible
faketruebr,achieve (Achievement),6,0.3487538102922718,0.5472078483381925,6,1.5134779130504137,0.5923517665117799,0.0047951755040540715,0.4572466883243594,-3.537823151279956,0.0053762262423235835,3.0,0.01810094873944969,-2.0425631487367726,large
faketruebr,power (Power),6,4.071183983557119,2.72850939885888,6,5.466099976799478,1.9392729663912676,0.7399698054848514,0.6651363773636426,-1.0207214048340503,0.3314450652706562,11.0,0.30952380952380953,-0.5893137778485518,medium
faketruebr,reward (Reward),6,1.0186702400112637,1.225219544260076,6,1.4913959342200005,0.9586478054247886,0.13096523461275694,0.2794320359012591,-0.7443240080180015,0.4738083149196875,13.0,0.46804160590041655,-0.4297356663934943,small
faketruebr,risk (Risk),6,0.34644692539429384,0.5429982911827377,6,2.0105122692308703,0.5683842770022647,0.004623358042324412,0.0178024474800784,-5.185422546767274,0.00040984700659160267,0.0,0.004336913286459083,-2.9938051032380404,large
faketruebr,focuspast (Past Focus),6,2.8434933788984527,2.1244726777329643,6,0.9761167772778941,0.5902338686151224,0.1322374800745656,0.7769974723247942,2.0744872593652666,0.06479432658454505,31.0,0.04112554112554113,1.1977057776249855,large
faketruebr,focuspresent (Present Focus),6,3.983438150366712,1.8210389278720658,6,4.800350090408048,1.7163235810298698,0.21748676239210224,0.8228377348087927,-0.7996429111978286,0.4424980077881805,12.0,0.3939393939393939,-0.46167405003564227,small
faketruebr,focusfuture (Future Focus),6,1.1400977190450874,1.847765605343286,6,0.570221831276783,0.33849909421020496,0.007054249901673307,0.6035081904209992,0.7430896163563167,0.4745227508705479,18.5,1.0,0.42902299003533517,small
faketruebr,relativ (Relativity),6,11.239188266006275,5.537625141236175,6,13.522817986417635,1.2984991958526864,0.5569253111028065,0.27099284086752506,-0.983455748561661,0.34857857896848915,10.0,0.24025974025974026,-0.5677984411681599,medium
faketruebr,motion (Motion),6,4.167773336088398,2.455191394930686,6,3.817229812157819,1.6342328838334295,0.36364717591763474,0.7559460597660088,0.29113260643858846,0.776898987649762,18.0,1.0,0.16808548869719642,negligible
faketruebr,space (Space),6,6.493922381683583,5.078418748889617,6,7.253935064113424,1.8119129624164103,0.025576754714025974,0.3409471025616764,-0.3452620223514497,0.7370496904775544,10.0,0.24025974025974026,-0.19933712154556404,negligible
faketruebr,time (Time),6,2.6395242059314428,1.6537864160985989,6,4.983866311395665,1.3311993983726458,0.8345702872338554,0.02719442392955551,-2.704879677921054,0.022127242083638993,6.0,0.06493506493506493,-1.5616630101732687,large
faketruebr,work (Work),6,3.2613511053111988,1.4098105832823695,6,3.3855522201749473,1.277902592896651,0.2743034743614442,0.5366699735190851,-0.15988613005745228,0.8761541810333204,19.0,0.9372294372294373,-0.0923103002283576,negligible
faketruebr,leisure (Leisure),6,0.19723865877712032,0.48313407155486754,6,0.5891393442622951,1.2530825670240686,2.0729244384981775e-05,0.00022501775082178253,-0.7147882211849594,0.4910896231183646,15.0,0.5992659619828535,-0.4126831719147101,small
faketruebr,home (Home),6,0.228310502283105,0.559244233512141,6,0.12420582151300237,0.1927555840121865,2.072924438498211e-05,0.0024017370197293975,0.43109048001029654,0.6755473156193836,16.0,0.7525537501972419,0.2488902046790297,small
faketruebr,money (Money),6,0.8821701656264355,1.6504477008709066,6,0.5029204483546575,0.28063013705444245,0.001743178659410821,0.36385470514184187,0.554894207244086,0.59116154266336,14.0,0.5611486537974869,0.320368319924137,small
faketruebr,relig (Religion),6,3.0447330447330447,5.031835209851953,6,1.9925008719916288,3.2236140067580705,0.00681502960163054,0.007025550452689033,0.4313063721871238,0.675395494139528,19.0,0.9241023104566971,0.2490148500854368,small
faketruebr,death (Death),6,0.228310502283105,0.559244233512141,6,0.0,0.0,2.072924438498211e-05,,1.0,0.34089313230206,21.0,0.40465676192728617,0.5773502691896258,medium
faketruebr,informal (Informal Language),6,0.32692983167166517,0.5630903628946404,6,0.06830601092896176,0.16731487314092747,0.004999671687301721,2.0729244384981846e-05,1.0784342652003183,0.30616565754557334,22.0,0.4619504545877914,0.6226343133167199,medium
faketruebr,swear (Swear),6,0.09861932938856016,0.24156703577743377,6,0.0,0.0,2.0729244384981775e-05,,1.0,0.34089313230206,21.0,0.40465676192728617,0.5773502691896257,medium
faketruebr,netspeak (Netspeak),6,0.0,0.0,6,0.0,0.0,,,,,18.0,,0.0,negligible
faketruebr,assent (Assent),6,0.0,0.0,6,0.06830601092896176,0.16731487314092747,,2.0729244384981846e-05,-1.0000000000000002,0.34089313230205975,15.0,0.40465676192728617,-0.5773502691896258,medium
faketruebr,nonflu (Nonfluencies),6,0.228310502283105,0.559244233512141,6,0.0,0.0,2.072924438498211e-05,,1.0,0.34089313230206,21.0,0.40465676192728617,0.5773502691896258,medium
faketruebr,filler (Filler Words),6,0.228310502283105,0.559244233512141,6,0.0,0.0,2.072924438498211e-05,,1.0,0.34089313230206,21.0,0.40465676192728617,0.5773502691896258,medium
