source,metric,human_n,human_mean,human_std,machine_n,machine_mean,machine_std,difference,abs_difference,u_statistic,u_p_value,cohens_d,effect_size,significant_005,significant_001,characteristic_of
fakebr,ppron (Personal Pronouns),10,10.872286885090835,2.6937024463473134,10,7.467834332483315,1.292239335525406,3.4044525526075198,3.4044525526075198,90.0,0.0028272720911168077,1.6115207478085523,large,True,True,human
fakebr,shehe (SheHe),10,9.155691966091611,2.571431482356238,10,6.136128842464666,1.0270556738088306,3.019563123626945,3.019563123626945,84.0,0.011329696684474665,1.542209789427938,large,True,False,human
fakebr,article (Articles),10,17.203206870680514,1.7311211576543983,10,14.532227284840243,1.7794043345072739,2.6709795858402714,2.6709795858402714,83.0,0.014019277113959953,1.521553964418234,large,True,False,human
fakebr,cause (Causal),10,1.9941881240086636,1.1755000530669741,10,3.8863694127632797,1.3429595488135824,-1.892181288754616,1.892181288754616,14.0,0.00728455700947966,-1.4993388500591116,large,True,True,machine
fakebr,relativ (Relativity),10,10.100112241530175,2.1299617647602935,10,13.256695607511015,2.2342016403902543,-3.1565833659808398,3.1565833659808398,15.0,0.009108496398030965,-1.4461801824297265,large,True,True,machine
fakebr,time (Time),10,4.586617832543668,1.2793800642292654,10,5.895165265126586,0.5732765912714435,-1.3085474325829178,1.3085474325829178,18.0,0.017257456083119765,-1.3199954344174107,large,True,False,machine
fakebr,space (Space),10,4.829523715987102,2.3652461093786976,10,7.62994025477879,1.8579054275916425,-2.800416538791688,2.800416538791688,21.0,0.031209012771740218,-1.3167535485316963,large,True,False,machine
fakebr,function (Function Words),10,46.05562773522574,4.897998525700561,10,41.52950396212599,1.4538036595680512,4.526123773099748,4.526123773099748,80.0,0.025748080821108063,1.2528193061650077,large,True,False,human
fakebr,adj (Adjectives),10,3.1663516093455315,1.4717424169945952,10,4.873461999929885,1.3040231392410773,-1.7071103905843539,1.7071103905843539,19.0,0.0211339281291611,-1.2277713049095085,large,True,False,machine
fakebr,posemo (Positive Emotions),10,2.5949979308674145,0.796837931803698,10,1.7621655862498664,0.5582406245523414,0.8328323446175481,0.8328323446175481,78.0,0.03763531378731424,1.2105790832531056,large,True,False,human
fakebr,you (You),10,0.9585231672902857,0.5905206627467076,10,0.3325836222543529,0.431398757871198,0.6259395450359329,0.6259395450359329,80.5,0.021548799260585436,1.210441357878599,large,True,False,human
fakebr,auxverb (Auxiliary Verbs),10,4.276922089789883,1.4671187699363621,10,2.9147284892293253,0.7585086086184138,1.3621936005605577,1.3621936005605577,77.0,0.04507378631623227,1.166405977746611,large,True,False,human
fakebr,pronoun (Pronouns),10,17.322974418467854,4.408943114977812,10,13.701759799642385,1.475698293299042,3.6212146188254692,3.6212146188254692,82.0,0.017257456083119765,1.101480789827595,large,True,False,human
fakebr,discrep (Discrepancies),10,1.8747494462547336,0.7582483877411357,10,1.1437409429391552,0.554836771197332,0.7310085033155784,0.7310085033155784,76.0,0.053902557169387175,1.1002974003705386,large,False,False,human
fakebr,risk (Risk),10,1.7337913530530837,1.160995076049631,10,3.0285132102429926,1.2298656927986655,-1.2947218571899088,1.2947218571899088,25.0,0.06402210128302689,-1.0826101171621119,large,False,False,machine
fakebr,verb (Verbs),10,9.434143155855562,1.8955587427481961,10,7.638311709940497,1.4700691727922894,1.7958314459150646,1.7958314459150646,77.5,0.04117376752710334,1.0587327453859905,large,True,False,human
fakebr,affect (Affect),10,5.9903715398406225,2.1122673287512272,10,4.140499361218798,1.375213329270775,1.8498721786218244,1.8498721786218244,77.0,0.04515456962427901,1.037937547303205,large,True,False,human
fakebr,feel (Feel),10,0.7848896484024517,0.7088282762249731,10,0.27040922533495737,0.23582537538240517,0.5144804230674943,0.5144804230674943,72.0,0.09954497203419306,0.9739728581321486,large,False,False,human
fakebr,work (Work),10,3.72050560327583,1.899350616256912,10,5.365507551048377,1.9659401426907555,-1.6450019477725468,1.6450019477725468,31.0,0.16197241048012612,-0.8510396736425742,large,False,False,machine
fakebr,i (I),10,0.27895495593515396,0.4909113845387157,10,0.0,0.0,0.27895495593515396,0.27895495593515396,65.0,0.07787247147704081,0.8036111901242157,large,False,False,human
fakebr,sad (Sad),10,0.7917297123510822,1.0599323562582643,10,0.18348733807206785,0.2077399958735201,0.6082423742790144,0.6082423742790144,61.5,0.3742948604677302,0.7963946919969717,medium,False,False,human
fakebr,body (Body),10,0.6201263406779404,0.8599683968234941,10,0.1485248809840436,0.1615234436327779,0.4716014596938968,0.4716014596938968,68.0,0.16546542931427588,0.7622178533561271,medium,False,False,human
fakebr,motion (Motion),10,3.4131113999789897,1.1205970731453374,10,4.3478057399299725,1.3368313543866355,-0.9346943399509828,0.9346943399509828,33.0,0.21229383619233155,-0.7577813626318509,medium,False,False,machine
fakebr,ipron (Impersonal Pronouns),10,13.901704985904862,3.1361829050553696,10,11.96304285385634,1.8187614929335683,1.9386621320485222,1.9386621320485222,75.0,0.06402210128302689,0.7562423701380775,medium,False,False,human
fakebr,cogproc (Cognitive Processes),10,8.715511490248494,2.3712635095132284,10,10.29740290837321,1.8839395249186426,-1.581891418124716,1.581891418124716,31.0,0.16197241048012612,-0.738680837710792,medium,False,False,machine
fakebr,netspeak (Netspeak),10,0.2470868240670221,0.4001144981609744,10,0.04292929292929293,0.08604406584545869,0.20415753113772916,0.20415753113772916,58.0,0.4562028338837304,0.7054711032329228,medium,False,False,human
fakebr,social (Social),10,7.369615864318649,3.840516337518405,10,5.338914731772787,1.3790480359337172,2.030701132545862,2.030701132545862,66.0,0.24132159301718004,0.7037791958031528,medium,False,False,human
fakebr,focuspast (Past Focus),10,2.477315769077087,1.758664030307165,10,1.5081177540897364,0.9409122625566814,0.9691980149873505,0.9691980149873505,69.0,0.16197241048012612,0.687200371181347,medium,False,False,human
fakebr,percept (Perceptual Processes),10,2.111483582178718,1.9245693655037555,10,1.1652138296073666,0.5308134964905601,0.9462697525713513,0.9462697525713513,58.0,0.5707503880581739,0.6703104757922095,medium,False,False,human
fakebr,informal (Informal Language),10,0.5552380925726379,0.5905848255353269,10,0.2599148439906614,0.20039068323724646,0.2953232485819765,0.2953232485819765,61.5,0.3994053617881699,0.6696802620344466,medium,False,False,human
fakebr,achieve (Achievement),10,1.079616589402292,0.8557209333561441,10,1.5057559919607377,0.4782941324067695,-0.42613940255844573,0.42613940255844573,32.0,0.18521445816171678,-0.6147515970987805,medium,False,False,machine
fakebr,drives (Drives),10,10.623149430888203,3.7760508032829136,10,12.479282587053193,2.24509336283595,-1.85613315616499,1.85613315616499,31.0,0.16197241048012612,-0.597525824436872,medium,False,False,machine
fakebr,assent (Assent),10,0.19819213045019496,0.31213520712429765,10,0.06161627853953354,0.09413648468924819,0.1365758519106614,0.1365758519106614,58.0,0.5058958819046655,0.5924375525240299,medium,False,False,human
fakebr,they (They),10,1.7991904560696859,0.7137265180696197,10,1.3778211042102495,0.722770400911523,0.42136935185943636,0.42136935185943636,65.0,0.27303633975118835,0.5866507552333246,medium,False,False,human
fakebr,negemo (Negative Emotions),10,3.3418021804017797,1.9806073971386065,10,2.32471447201987,1.5196652103468193,1.0170877083819096,1.0170877083819096,66.5,0.2263014317699833,0.5761733016262292,medium,False,False,human
fakebr,negate (Negations),10,1.3364808985602323,0.5892376719597057,10,0.9965823918246846,0.5963148915016621,0.3398985067355478,0.3398985067355478,67.0,0.21229383619233155,0.5733907734407919,medium,False,False,human
fakebr,bio (Biological Processes),10,1.5847340788898188,1.118732741347063,10,1.0894418242626625,0.6768249904211229,0.4952922546271563,0.4952922546271563,63.0,0.3447042220069576,0.5357007966287786,medium,False,False,human
fakebr,dictionary_coverage,10,71.18464754195399,6.5385628388300585,10,68.58277623358097,2.176456365684628,2.6018713083730205,2.6018713083730205,64.0,0.3074894566186813,0.5339502493149223,medium,False,False,human
fakebr,money (Money),10,1.1576987060469108,1.120580901706242,10,1.7479814671657514,1.1286903861699873,-0.5902827611188406,0.5902827611188406,35.0,0.2723141220596529,-0.5248623657431472,medium,False,False,machine
fakebr,leisure (Leisure),10,1.0970154931219163,1.495285417288213,10,0.5040132441489782,0.5972858272927031,0.5930022489729381,0.5930022489729381,57.0,0.6156417277942268,0.5208362034349001,medium,False,False,human
fakebr,differ (Differentiation),10,2.3050906062155816,1.1503371769982718,10,1.7983231598369962,0.7882771371812454,0.5067674463785854,0.5067674463785854,59.0,0.5205228832757727,0.5139279776843853,medium,False,False,human
fakebr,male (Male),10,1.6216703048443957,2.0594365998833526,10,0.9012177336340341,0.4990106578289184,0.7204525712103615,0.7204525712103615,49.0,0.9698045577720108,0.4808207065237798,small,False,False,human
fakebr,swear (Swear),10,0.0,0.0,10,0.02044989775051125,0.06134969325153374,-0.02044989775051125,0.02044989775051125,45.0,0.36812025069351895,-0.47140452079103173,small,False,False,machine
fakebr,sexual (Sexual),10,0.0,0.0,10,0.06134969325153374,0.18404907975460125,-0.06134969325153374,0.06134969325153374,45.0,0.36812025069351895,-0.47140452079103157,small,False,False,machine
fakebr,hear (Hear),10,0.5699571015840375,0.8747810154382484,10,0.25899249349686676,0.33731315653393873,0.3109646080871707,0.3109646080871707,56.5,0.6279508716038853,0.4690575072113695,small,False,False,human
fakebr,female (Female),10,0.46244182834418207,0.5854520009040026,10,0.30011631169213554,0.13363238381185039,0.16232551665204653,0.16232551665204653,48.5,0.9389357050565416,0.3822802923850585,small,False,False,human
fakebr,friend (Friends),10,0.711246456670111,0.6670750260425926,10,0.5030239877674985,0.4423700641674155,0.20822246890261253,0.20822246890261253,54.0,0.7886018451717189,0.36789330338480636,small,False,False,human
fakebr,reward (Reward),10,2.2738036895543337,0.8435251188084336,10,2.5817663814402145,0.8606970017271822,-0.3079626918858809,0.3079626918858809,41.0,0.5205228832757727,-0.36139310249927037,small,False,False,machine
fakebr,focuspresent (Present Focus),10,5.67265069851526,1.8331899649061572,10,5.102513225103364,1.3821222920867229,0.5701374734118962,0.5701374734118962,63.0,0.3447042220069576,0.3511998809519356,small,False,False,human
fakebr,certain (Certainty),10,0.8464398649580754,0.6534497965788895,10,1.0393088819635297,0.4260029255255588,-0.19286901700545422,0.19286901700545422,43.0,0.622652636570054,-0.34966812846400275,small,False,False,machine
fakebr,see (See),10,0.9869146986885557,1.3740933020305666,10,0.6358121107755424,0.5220710801414485,0.3511025879130133,0.3511025879130133,45.0,0.7281677610833472,0.33779462562825274,small,False,False,human
fakebr,ingest (Ingest),10,0.5754578787833811,0.44900231974927857,10,0.4358319331134246,0.37529959792597306,0.13962594566995645,0.13962594566995645,58.0,0.567824663393034,0.3374276904724616,small,False,False,human
fakebr,relig (Religion),10,0.05357142857142857,0.16071428571428573,10,0.10506301743313458,0.18369466252073366,-0.05149158886170601,0.05149158886170601,40.5,0.33046445910149613,-0.2983508265693289,small,False,False,machine
fakebr,insight (Insight),10,1.6407431294692543,1.120556255929976,10,1.9108598764908797,0.7160206754668239,-0.27011674702162547,0.27011674702162547,39.0,0.4273553138978077,-0.28726625606763995,small,False,False,machine
fakebr,tentat (Tentative),10,1.6569281593428233,0.7751916275431682,10,1.449861813523792,0.7600164224596592,0.20706634581903138,0.20706634581903138,56.0,0.6775849579524755,0.269743544446623,small,False,False,human
fakebr,interrog (Interrogatives),10,3.633223020174069,1.1856352988589232,10,3.3767707998131087,0.8101863424939282,0.2564522203609605,0.2564522203609605,57.0,0.6231762238821174,0.25255916221264085,small,False,False,human
fakebr,power (Power),10,5.562221669609553,3.0786344235518275,10,6.165156980088149,1.6355179671996096,-0.6029353104785962,0.6029353104785962,34.0,0.24114462621608423,-0.24459388476010993,small,False,False,machine
fakebr,nonflu (Nonfluencies),10,0.05319148936170213,0.1595744680851064,10,0.023529411764705882,0.07058823529411765,0.029662077596996246,0.029662077596996246,50.5,1.0,0.24040659670114145,small,False,False,human
fakebr,death (Death),10,0.3859777413400219,0.5299603256829488,10,0.2821918977415361,0.42910347262181825,0.1037858435984858,0.1037858435984858,53.0,0.8310907900849374,0.21524465105300483,small,False,False,human
fakebr,anx (Anx),10,0.4076494443678289,0.5823261496651064,10,0.47991464226023106,0.2040168884867439,-0.07226519789240216,0.07226519789240216,35.0,0.2694055995352045,-0.16562945152698252,negligible,False,False,machine
fakebr,compare (Comparisons),10,1.8518552860699646,1.4790532240828544,10,1.7024685005417979,0.38292016467616785,0.14938678552816675,0.14938678552816675,51.0,0.969838641404833,0.13827883179047637,negligible,False,False,human
fakebr,anger (Anger),10,1.0520008864769719,1.3184893320127482,10,0.886396888150762,1.073429250215922,0.16560399832620987,0.16560399832620987,39.0,0.4256100315999112,0.1377485301694145,negligible,False,False,human
fakebr,health (Health),10,0.6370791746952738,0.8033082123454647,10,0.5490830274199201,0.4353154211178564,0.08799614727535365,0.08799614727535365,42.0,0.5624049275942742,0.1362029453405903,negligible,False,False,human
fakebr,we (We),10,0.1805654023395959,0.3113158977848816,10,0.21666647845768378,0.2269712899482682,-0.03610107611808788,0.03610107611808788,42.5,0.5503419241063289,-0.1325162390269966,negligible,False,False,machine
fakebr,filler (Filler Words),10,0.10995913805542086,0.18582621859698847,10,0.13491937477132368,0.19122030467372966,-0.02496023671590282,0.02496023671590282,45.0,0.6897863301962214,-0.1323851636904577,negligible,False,False,machine
fakebr,family (Family),10,0.42219208998416535,0.6510770337354884,10,0.4916781636341342,0.48897117828267384,-0.06948607364996884,0.06948607364996884,43.0,0.5906827555913553,-0.12068628884410709,negligible,False,False,machine
fakebr,number (Numbers),10,2.809132425671545,1.2233783578153552,10,2.9193727213748653,0.8154448913117633,-0.11024029570332017,0.11024029570332017,47.0,0.8501067391385259,-0.10603938529930551,negligible,False,False,machine
fakebr,quant (Quantifiers),10,1.2792868529308765,0.8473582288440148,10,1.1985746721558992,0.6671748881808811,0.08071218077497733,0.08071218077497733,52.5,0.8797843010569926,0.10583721454520867,negligible,False,False,human
fakebr,prep (Prepositions),10,22.484299605691525,3.2726569215286534,10,22.218039540682263,1.6757490134270976,0.2662600650092628,0.2662600650092628,56.0,0.6775849579524755,0.1024137089838063,negligible,False,False,human
fakebr,focusfuture (Future Focus),10,0.7277869870303229,0.8243484091510167,10,0.6627545850405971,0.5178837773024212,0.06503240198972571,0.06503240198972571,44.0,0.6752726661454402,0.09447067127986357,negligible,False,False,human
fakebr,home (Home),10,0.2375962969303822,0.35265187479216864,10,0.21860494775813494,0.24370188720670305,0.018991349172247263,0.018991349172247263,44.0,0.6568773112170798,0.06265452896802726,negligible,False,False,human
fakebr,conj (Conjunctions),10,7.06481487397873,1.2411712378385238,10,7.104594312402368,1.0130917336894663,-0.03977943842363718,0.03977943842363718,51.0,0.9698499769931556,-0.03511336719493574,negligible,False,False,machine
fakebr,adverb (Adverbs),10,7.907252100914937,2.7118249123504463,10,7.836581573954637,1.1164738859825583,0.07067052696029918,0.07067052696029918,49.0,0.9698499769931556,0.034079347269743925,negligible,False,False,human
fakebr,affiliation (Affiliation),10,1.7031076122876896,1.298181688593416,10,1.7108354698585793,0.5763196650557431,-0.0077278575708896735,0.0077278575708896735,50.0,1.0,-0.007694420916664124,negligible,False,False,machine
faketruebr,power (Power),10,1.5987681705894228,1.447377442096325,10,5.071698805134342,1.1828170449698532,-3.472930634544919,3.472930634544919,4.0,0.0005717769654451723,-2.627557873709431,large,True,True,machine
faketruebr,drives (Drives),10,7.859999781807318,2.20869596815848,10,11.453736986092371,0.9842047141554713,-3.5937372042850537,3.5937372042850537,9.0,0.0022022199424970783,-2.101816927889147,large,True,True,machine
faketruebr,space (Space),10,5.687041999822428,2.629702199141278,10,9.122004368667579,1.398444610326934,-3.4349623688451505,3.4349623688451505,17.0,0.014019277113959953,-1.630989470402002,large,True,False,machine
faketruebr,adj (Adjectives),10,2.5407221523003543,1.616256010708683,10,4.9646046904815755,1.469699346276808,-2.4238825381812212,2.4238825381812212,14.0,0.00728455700947966,-1.5691436905540472,large,True,True,machine
faketruebr,work (Work),10,2.6419849027491007,2.496113408093959,10,5.537930371557227,2.0668301934532765,-2.8959454688081263,2.8959454688081263,16.0,0.01120695479765041,-1.2637516539899765,large,True,False,machine
faketruebr,negemo (Negative Emotions),10,1.0561872569068405,1.0647645437846796,10,2.3236769881493546,1.210299425919433,-1.2674897312425142,1.2674897312425142,17.0,0.013839592491786517,-1.1119725234106324,large,True,False,machine
faketruebr,verb (Verbs),10,10.310848701936797,3.1480745872690723,10,7.413378595407659,1.9567145734182065,2.8974701065291377,2.8974701065291377,77.0,0.04515456962427901,1.1054897804901918,large,True,False,human
faketruebr,percept (Perceptual Processes),10,2.4307026011801507,1.2115918663139147,10,1.315259477363512,0.7901574215873075,1.1154431238166387,1.1154431238166387,78.0,0.03749166577977576,1.090561287528626,large,True,False,human
faketruebr,achieve (Achievement),10,0.9160175541265538,0.6518810511624917,10,1.6717228712028571,0.7680837422000679,-0.7557053170763033,0.7557053170763033,23.0,0.04507378631623227,-1.0608537599817793,large,True,False,machine
faketruebr,see (See),10,1.5458069952808084,0.9835933377271638,10,0.707490913985983,0.582957809544594,0.8383160812948255,0.8383160812948255,76.0,0.052103488521841726,1.0368976377943637,large,False,False,human
faketruebr,affect (Affect),10,3.4716133773968343,1.8910351165690316,10,5.121474317548091,1.3253239329367013,-1.6498609401512567,1.6498609401512567,24.0,0.053902557169387175,-1.0104085557874862,large,False,False,machine
faketruebr,auxverb (Auxiliary Verbs),10,4.669443282587461,1.5537515684748964,10,3.2284177786380233,1.308555982942411,1.441025503949438,1.441025503949438,72.0,0.10397974445898675,1.0032235152361653,large,False,False,human
faketruebr,cause (Causal),10,2.6500893674473884,1.756725942899245,10,3.907374257555148,0.8092476554142068,-1.2572848901077593,1.2572848901077593,29.0,0.12108458343032173,-0.9192988328293439,large,False,False,machine
faketruebr,insight (Insight),10,1.0179561190376147,0.9728634907073505,10,1.8551786776777786,0.8555581211444225,-0.8372225586401638,0.8372225586401638,25.0,0.06362233260013418,-0.9139082796546166,large,False,False,machine
faketruebr,pronoun (Pronouns),10,17.12486977378122,2.6729816691034287,10,15.11941535424335,1.661896501676827,2.0054544195378714,2.0054544195378714,69.0,0.16197241048012612,0.9010784607535783,large,False,False,human
faketruebr,quant (Quantifiers),10,1.5494927713191395,0.9383648256761723,10,0.9366856972973249,0.30174107998383953,0.6128070740218147,0.6128070740218147,71.0,0.12108458343032173,0.8792256072095861,large,False,False,human
faketruebr,compare (Comparisons),10,1.0266054456122649,0.8994745863365169,10,1.659496862326381,0.5502016083761062,-0.6328914167141162,0.6328914167141162,33.0,0.2105704460493273,-0.8488588671576244,large,False,False,machine
faketruebr,home (Home),10,0.0,0.0,10,0.2191068269835393,0.37255863770709063,-0.2191068269835393,0.2191068269835393,30.0,0.03498309640812092,-0.8317183255653694,large,True,False,machine
faketruebr,informal (Informal Language),10,1.5271813253209117,1.7444616973985299,10,0.4661983974169465,0.5784862706907972,1.060982927903965,1.060982927903965,73.0,0.08476721358002276,0.816407299900726,large,False,False,human
faketruebr,netspeak (Netspeak),10,1.2608763552040863,1.6176358724142883,10,0.29633204633204635,0.6204101302724168,0.9645443088720399,0.9645443088720399,70.0,0.09616003338325603,0.7873300480473395,medium,False,False,human
faketruebr,we (We),10,0.7689238486092111,1.1640515238899312,10,0.1258231119185614,0.1555325015086774,0.6431007366906497,0.6431007366906497,58.0,0.522232153437141,0.7744250408046669,medium,False,False,human
faketruebr,ppron (Personal Pronouns),10,9.798639361309952,2.0502027985142592,10,8.545788793198323,1.0793505442306428,1.2528505681116293,1.2528505681116293,68.0,0.18587673236587576,0.7647063660039648,medium,False,False,human
faketruebr,you (You),10,1.411178293831756,1.4933590783581308,10,0.5456911963634752,0.5841196251026876,0.8654870974682809,0.8654870974682809,62.0,0.37442311052425215,0.7633044230376722,medium,False,False,human
faketruebr,sad (Sad),10,0.1492537313432836,0.44776119402985076,10,0.4762877172395224,0.43489154743855785,-0.3270339858962388,0.3270339858962388,23.5,0.02653103775058696,-0.7409464971766236,medium,True,False,machine
faketruebr,conj (Conjunctions),10,8.697822619944022,1.5492990535563582,10,7.603868989382724,1.554516107066448,1.0939536305612982,1.0939536305612982,65.5,0.25666036991585695,0.7049080106894661,medium,False,False,human
faketruebr,nonflu (Nonfluencies),10,0.11587410083650684,0.2361005204215122,10,0.0,0.0,0.11587410083650684,0.11587410083650684,60.0,0.16807831903497028,0.6940718497283099,medium,False,False,human
faketruebr,relig (Religion),10,0.11907131011608625,0.24752131287370913,10,0.0,0.0,0.11907131011608625,0.11907131011608625,60.0,0.16807831903497028,0.6803141907283732,medium,False,False,human
faketruebr,function (Function Words),10,45.346613932148514,5.020728687207804,10,42.77963903497013,1.8156980325570933,2.5669748971783832,2.5669748971783832,66.0,0.24132159301718004,0.6799548712033476,medium,False,False,human
faketruebr,health (Health),10,0.0746268656716418,0.22388059701492538,10,0.3114532005735611,0.4496502319219109,-0.2368263349019193,0.2368263349019193,27.0,0.0459638376053142,-0.6667754604232992,medium,True,False,machine
faketruebr,dictionary_coverage,10,67.64473737280657,7.29303979474917,10,71.24701854354986,2.936501158102572,-3.6022811707432822,3.6022811707432822,35.0,0.27303633975118835,-0.6479747384716381,medium,False,False,machine
faketruebr,family (Family),10,0.08888888888888888,0.26666666666666666,10,0.26058617075880147,0.2643960109026007,-0.1716972818699126,0.1716972818699126,28.0,0.05651717597829673,-0.6466118584654685,medium,False,False,machine
faketruebr,prep (Prepositions),10,19.982045204968927,3.261266616717158,10,21.704505903759014,1.9997523311358971,-1.722460698790087,1.722460698790087,34.0,0.24132159301718004,-0.6367513797595539,medium,False,False,machine
faketruebr,focuspresent (Present Focus),10,5.633715953919085,2.1607283211401898,10,4.534991109775154,1.1508414357536803,1.0987248441439306,1.0987248441439306,71.0,0.12122450301291662,0.6347097609691154,medium,False,False,human
faketruebr,social (Social),10,8.816404847148295,3.9900598501755398,10,6.792362878392351,2.19722465152768,2.0240419687559443,2.0240419687559443,64.0,0.3074894566186813,0.6284091206195143,medium,False,False,human
faketruebr,cogproc (Cognitive Processes),10,9.65501195182121,2.8227568110438668,10,11.080995091225368,1.7819294103873322,-1.425983139404158,1.425983139404158,36.5,0.3255694067409992,-0.6041209149839001,medium,False,False,machine
faketruebr,article (Articles),10,13.427325966532075,3.8077683924214023,10,15.294875604577078,2.3526700026815424,-1.867549638045002,1.867549638045002,40.0,0.47267559351158717,-0.5900674023418848,medium,False,False,machine
faketruebr,anx (Anx),10,0.40712627840361265,0.5856993243484704,10,0.7013513640478258,0.3930528276202717,-0.2942250856442132,0.2942250856442132,30.0,0.13203893667369285,-0.5899065465529293,medium,False,False,machine
faketruebr,male (Male),10,1.227052431494681,0.9950621151574216,10,0.719535141664062,0.7586524416219229,0.507517289830619,0.507517289830619,66.0,0.23124249716061973,0.5736028062475396,medium,False,False,human
faketruebr,money (Money),10,1.61361705538495,1.822646508910256,10,2.6952024846268343,1.9595824015226915,-1.0815854292418843,1.0815854292418843,29.0,0.1184202171617957,-0.5715557020679414,medium,False,False,machine
faketruebr,interrog (Interrogatives),10,3.0052205708991018,1.570285867863352,10,3.7411783795719478,1.054927598095401,-0.735957808672846,0.735957808672846,35.0,0.27303633975118835,-0.550182905561773,medium,False,False,machine
faketruebr,hear (Hear),10,0.7640241136290303,0.887957327635455,10,0.3739844376446556,0.4725257605114083,0.3900396759843747,0.3900396759843747,58.5,0.5181817623957422,0.5483873570654807,medium,False,False,human
faketruebr,motion (Motion),10,5.531522559243497,3.3649403007611096,10,4.16279181157636,1.3826481802193915,1.3687307476671364,1.3687307476671364,68.0,0.18587673236587576,0.5320820508055363,medium,False,False,human
faketruebr,friend (Friends),10,0.5961779239974728,0.7054390010489339,10,0.3080724197613408,0.30394857930063335,0.288105504236132,0.288105504236132,54.5,0.7547383316962031,0.5304322276522984,medium,False,False,human
faketruebr,anger (Anger),10,0.24747375562379492,0.4166433485105954,10,0.5034836054311211,0.5537568038039501,-0.2560098498073262,0.2560098498073262,35.0,0.2302122470181358,-0.5224482590028668,medium,False,False,machine
faketruebr,leisure (Leisure),10,1.9324224937147167,2.0126377338860006,10,1.0861754329589137,1.1323235054071448,0.846247060755803,0.846247060755803,59.0,0.5198945163559368,0.5182410229409008,medium,False,False,human
faketruebr,adverb (Adverbs),10,6.606813931017735,3.4338280515209116,10,7.912512000692082,1.619872859685947,-1.3056980696743476,1.3056980696743476,37.0,0.344522779098129,-0.4863489454908425,small,False,False,machine
faketruebr,risk (Risk),10,2.532874251736032,1.8308115204710285,10,3.2595498216434713,1.1285528435195025,-0.7266755699074392,0.7266755699074392,37.0,0.344522779098129,-0.47783296197424874,small,False,False,machine
faketruebr,i (I),10,0.125,0.375,10,0.0,0.0,0.125,0.125,55.0,0.36812025069351895,0.47140452079103173,small,False,False,human
faketruebr,swear (Swear),10,0.04784688995215311,0.14354066985645933,10,0.0,0.0,0.04784688995215311,0.04784688995215311,55.0,0.36812025069351895,0.4714045207910317,small,False,False,human
faketruebr,filler (Filler Words),10,0.04784688995215311,0.14354066985645933,10,0.0,0.0,0.04784688995215311,0.04784688995215311,55.0,0.36812025069351895,0.4714045207910317,small,False,False,human
faketruebr,sexual (Sexual),10,0.2272727272727273,0.681818181818182,10,0.0,0.0,0.2272727272727273,0.2272727272727273,55.0,0.36812025069351895,0.47140452079103157,small,False,False,human
faketruebr,certain (Certainty),10,1.3199828429344593,1.3131817510006778,10,0.9088217198979425,0.4509671255321219,0.41116112303651686,0.41116112303651686,56.5,0.6489134622152116,0.41878784133770613,small,False,False,human
faketruebr,differ (Differentiation),10,2.8347426422405997,2.1302398566892675,10,2.1878073451321556,0.6948192852979815,0.6469352971084441,0.6469352971084441,55.0,0.7336336437678685,0.40831364703303663,small,False,False,human
faketruebr,body (Body),10,0.24986709197235513,0.6071089732272498,10,0.08737185461323393,0.13598712766472187,0.1624952373591212,0.1624952373591212,48.0,0.8815356492284376,0.36936755444370883,small,False,False,human
faketruebr,death (Death),10,0.25,0.75,10,0.06204221506712611,0.12575344023150029,0.1879577849328739,0.1879577849328739,46.0,0.6704052955096476,0.34953727025088127,small,False,False,human
faketruebr,feel (Feel),10,0.2701252236135957,0.5467421465005835,10,0.44087458774380917,0.47544756183312575,-0.17074936413021347,0.17074936413021347,34.0,0.186009244408745,-0.3332758203368812,small,False,False,machine
faketruebr,negate (Negations),10,1.2060238167223785,1.1715345493672527,10,0.9230061635543765,0.5459580952591685,0.283017653168002,0.283017653168002,51.0,0.9698045577720108,0.3096685043899891,small,False,False,human
faketruebr,reward (Reward),10,3.3021811895882216,1.879146910527679,10,2.822119347784326,1.2399889528517787,0.48006184180389555,0.48006184180389555,62.0,0.3846730627355087,0.30155121027322995,small,False,False,human
faketruebr,affiliation (Affiliation),10,2.073528141559369,1.767819030314784,10,1.6650862806019553,0.7788934755751933,0.40844186095741386,0.40844186095741386,52.0,0.9096880762234906,0.2990078711451757,small,False,False,human
faketruebr,relativ (Relativity),10,13.046958076982097,6.054701544338026,10,14.400971826504621,2.25946790584102,-1.3540137495225242,1.3540137495225242,39.0,0.4273553138978077,-0.2963015190003066,small,False,False,machine
faketruebr,discrep (Discrepancies),10,1.698494323188429,1.4784885625065016,10,1.361087153561293,0.6605830372597563,0.3374071696271361,0.3374071696271361,54.0,0.7912601064031788,0.29466479476035146,small,False,False,human
faketruebr,ingest (Ingest),10,0.35598642483587406,0.7449623945397922,10,0.514110347768006,0.24059566290978357,-0.15812392293213196,0.15812392293213196,21.0,0.027719200724510198,-0.28564960343566015,small,True,False,machine
faketruebr,posemo (Positive Emotions),10,2.3709816760455498,1.9104199937699629,10,2.797797329398737,1.0199820631286889,-0.42681565335318705,0.42681565335318705,35.0,0.27285596848712856,-0.27871848234466506,small,False,False,machine
faketruebr,they (They),10,1.8906449143282766,1.4932971243733293,10,1.5841668079964797,0.5778822206584427,0.30647810633179695,0.30647810633179695,56.0,0.6774705127728922,0.27068566287377394,small,False,False,human
faketruebr,female (Female),10,0.8723776223776223,2.371836465789932,10,0.487576353770155,0.5904618731378242,0.3848012686074673,0.3848012686074673,26.0,0.057687166132851166,0.2226433211319753,small,False,False,human
faketruebr,shehe (SheHe),10,6.856949262371091,2.746857834063337,10,7.329462267500864,1.2226856938829083,-0.47251300512977235,0.47251300512977235,45.0,0.7337299956962472,-0.2222491079918405,small,False,False,machine
faketruebr,number (Numbers),10,2.4726947772769767,1.985842273058326,10,2.153520034749405,0.6318536207499161,0.3191747425275717,0.3191747425275717,47.0,0.8500510248972775,0.2165998608975694,small,False,False,human
faketruebr,time (Time),10,6.3284952349598464,3.562764522771786,10,5.724049821176555,1.985199082995784,0.6044454137832913,0.6044454137832913,53.5,0.8205295061094116,0.2095896032642867,small,False,False,human
faketruebr,focusfuture (Future Focus),10,1.4005266710670015,1.7179737740745347,10,1.130602434649029,0.6060595111659071,0.26992423641797236,0.26992423641797236,43.0,0.6218631587267847,0.2095415404289583,small,False,False,human
faketruebr,focuspast (Past Focus),10,1.2509018219055583,1.35277848615707,10,1.1030173854765433,0.5672763419908742,0.14788443642901505,0.14788443642901505,43.0,0.622652636570054,0.1425723466090875,negligible,False,False,human
faketruebr,ipron (Impersonal Pronouns),10,13.534368066121653,3.170738013782294,10,13.198911132013583,1.4372513069538553,0.33545693410806976,0.33545693410806976,51.0,0.9698499769931556,0.13627416359232516,negligible,False,False,human
faketruebr,tentat (Tentative),10,1.9343082722127298,1.0843489488149574,10,2.0412526218249587,0.9607222038807274,-0.10694434961222887,0.10694434961222887,46.0,0.7913367801006604,-0.10439683559412395,negligible,False,False,machine
faketruebr,bio (Biological Processes),10,0.9077531097525983,0.9522087894393642,10,0.9129354029548009,0.5229975910829371,-0.005182293202202648,0.005182293202202648,45.0,0.732761746219767,-0.0067461192030066,negligible,False,False,machine
faketruebr,assent (Assent),10,0.17061119021251908,0.26593980064296147,10,0.16986635108490014,0.22452465894195622,0.0007448391276189403,0.0007448391276189403,48.0,0.8941551428492122,0.003026510053749017,negligible,False,False,human
