id,text,link,duplicate_rows,author,category,date,genre,uid,source
2623,"Delações da Odebrecht: Petrobras fez pressão para incluir OAS em consórcio para obras da Repar. Ex-executivos disseram que funcionários da Diretoria de Engenharia e Serviços e de Abastecimento da Petrobras receberam vantagens por contrato celebrado pelo consórcio da Odebrecht com UTC e OAS..  Ex-executivos da Odebrecht relataram, em delação premiada na operação Lava Jato , que funcionários da Petrobras pressionaram a UTC e a Odebrecht para que a OAS integrasse um consórcio que, posteriormente, firmou contrato para execução de obras na Refinaria Getúlio Vargas (Repar), em Araucária, na Região Metropolitana de Curitiba. A princípio, apenas Odebrecht e UTC fariam parte do contrato, com 65% e 35% de participação, respectivamente. O contrato foi celebrado em agosto de 2007 entre a Petrobras e o Consórcio Conpar, integrado pelas construtoras Odebrecht, UTC e OAS, com valor de R$ 1,8 bilhão. Conforme relatório de Comissão Interna de Apuração (CIA) da estatal, o contrato teve 28 aditivos, acréscimo de prazo de mais de dois anos e meio, e valor final de mais de R$ 2,5 bilhões. Em entrevista ao G1 , o procurador da República Deltan Dallagnol, coordenador da força-tarefa da Lava Jato em Curitiba, disse que as informações apresentadas na delação da Odebrecht podem dar início a novas linhas de investigação, inclusive em casos nos quais já há sentença, como no contrato da Conpar para obras na Repar, que já tem duas condenações. Assista à entrevista no vídeo acima. “Embora já exista uma condenação em relação a determinados crimes, em relação a determinadas pessoas, as provas e informações podem revelar a participação de outras pessoas nesse mesmo crime ou a participação em outros crimes que não tinham sido descobertos”, declarou. Segundos os ex-executivos da Odebrecht, para integrar o consórcio, a OAS ameaçou apresentar proposta individual, colocando em risco o contrato. A entrada da empreiteira no grupo foi bem vista pela Petrobras, ainda segundo os delatores. Os colaboradores também detalharam o pagamento de R$ 35 milhões para duas diretorias da Petrobras devido ao contrato . As diretorias de Engenharia e Serviços e de Abastecimento receberam R$ 15 milhões cada uma, disseram eles. Posteriormente, outros R$ 5 milhões foram pagos a pedido da gerência de Engenharia e Serviços. Termos de depoimento de Rogério Santos de Araújo, Cesar Ramos Rocha e Márcio Faria da Silva foram encaminhados pelo ministro Edson Fachin, relator da Lava Jato no Supremo Tribunal Federal (STF), para a 13a Vara Criminal Federal, em Curitiba, por não envolverem pessoas com foro privilegiado. “Márcio Faria registra, em seu Termo no 5, que houve pedido de vantagens por funcionários da Petrobras em dois momentos: o primeiro na Diretoria de Engenharia e Serviços que dizia que era para o PT e o segundo na Diretoria de Abastecimento por Paulo Roberto e Janene [José Janene (PP), deputado federal falecido]”, diz documento enviado ao STF pela Procuradoria-Geral da República (PGR). O ex-executivo Rogério de Araújo informou aos procuradores que, após assinatura do contrato, foi procurado por Paulo Roberto Costa, que pediu R$ 15 milhões em propina. Pedro Barusco, ex-gerente de Engenharia e Serviços da Petrobras também solicitou a mesma quantia, contou Araújo. “Com relação ao pagamento dessa propina solicitada por Paulo Robeto Costa e Pedro Barusco a Rogério Araújo, foram operacionalizados pagamentos apenas pela CNO e pela UTC, no valor de R$ 15 milhões para cada uma das diretorias, conforme explica Márcio Faria em seu Termo 5 e também Rogério Araújo, em seu Termo 11”, informa a petição da PGR. Márcio Faria contou que, em 2013, foi realizada uma “Transação Extra-judicial”, para finalizar o contrato. A discussão foi prolongada e só foi resolvida quando foram pagos R$ 5 milhões a Roberto Gonçalves, que sucedeu Barusco na gerência de Engenharia e Serviços. Já César Ramos Rocha informa que os pagamentos indevidos, no Brasil e no exterior, começaram em novembro de 2007 e seguiram até 2014. Segundo a Petrobras, o consórcio foi responsável pelas obras das Unidades de Produção das Carteiras de Coque e Gasolina da Repar. Entre os serviços executados estavam a projeção, fornecimento de materiais e equipamentos, construção civil, montagem eletromecânica, comissionamento e colocar em operação as Unidades para a adequação da qualidade de correntes de gasolina e diesel produzidas na refinaria. A estatal informou que a unidade de produção iniciou a operação em setembro de 2013. Um levantamento do Tribunal de Contas da União (TCU), divulgado em agosto de 2015, avaliou 19 contratos da Petrobras relativos ao projeto de modernização e adequação do sistema de produção da Repar. De acordo com o relatório, ao final das obras, foi identificado sobrepreço de R$ 184 milhões em uma análise que considerou apenas 20% dos Demonstrativos de Formação de Preços (DPF) do contrato da Conpar. O valor corresponde a uma diferença de 37% em relação ao valor original da amostra. Ainda de acordo com o relatório do TCU, a data prevista para entrega das obras era 03/09/2010. No entanto, os serviços só foram concluídos em 24/05/2013. Já o relatório final da Comissão Interna de Apuração (CIA) da Petrobras analisou o contrato com o Conpar e afirmou que o valor da proposta apresentada pelo consórcio ficou fora de admissibilidade. “A estimativa prévia foi onerada indevidamente em R$ 49.452.124,01 (R$ 41.386.910,14 + R$ 8.065.213,87). Desta forma, considerando o exposto acima, o valor correto da estimativa prévia seria R$ 1.478.083.356,76 e o valor ofertado pelo Consórcio Conpar foi de R$ 1.821.012.130,93. Com isto, o valor da proposta ficaria 23,2% acima da estimativa, se situando, portanto, fora da admissibilidade”. Ainda conforme a CIA, houve antecipação de pagamento de R$ 92,8 milhões ao Conpar, em outubro de 2007, sem comprovação de realização de serviços no período. Algumas alterações significativas no contrato também foram constatadas, como mudança no critério de medição e redução do limite percentual de responsabilidade civil do Consórcio Conpar, de 100% para 15% do valor do contrato. A Repar tem capacidade de processamento de 33 mil m³ de petróleo por dia. A unidade é responsável por aproximadamente 12% da produção nacional de derivados de petróleo e seus produtos atendem principalmente os mercados do Paraná, Santa Catarina, sul de São Paulo e do Mato Grosso do Sul, de acordo com a Petrobras. Os principais produtos processados na refinaria são diesel, gasolina, gás liquefeito de petróleo (GLP), coque, asfalto, óleos combustíveis, querosene de aviação (QAV), propeno e óleos marítimos. O pagamento de vantagens indevidas devido ao contrato do Consórcio Conpar para obras na Repar já foi objeto de ao menos duas ações penais da Lava Jato. Em uma das ações, o juiz federal Sérgio Moro, responsável pelas ações da Lava Jato na primeira instância, condenou o ex-presidente da OAS José Adelmário Pinheiro, conhecido como Léo Pinheiro, e outros seis executivos da empresa . Para a Justiça, eles cometeram os crimes de corrupção ativa, lavagem de dinheiro e organização criminosa. Segundo a sentença de Moro, depoimentos do ex-diretor da Petrobras Paulo Roberto Costa e do doleiro Alberto Youssef, ambos condenados na Lava Jato e delatores do esquema criminoso, confirmaram que grandes empreiteiras, reunidas em cartel, fraudavam licitações da estatal. O magistrado destaca que o contrato da Repar com a Conpar teve aumento de mais de R$ 517 milhões por meio de aditivos. “A propina seria, portanto de cerca R$ 23.384.334,17”, conclui Moro. Outra sentença condenou ex-executivos da Odebrecht, incluindo o ex-presidente da empreiteira Marcelo Odebrecht e os três delatores que mencionaram o pagamento de propina no contrato da Repar. Os réus foram condenados por crimes como lavagem de dinheiro, associação criminosa e corrupção . Na sentença, Moro lembra que Pedro Barusco confirmou ter recebido propina da Odebrecht pelo contrato firmado com o consórcio na obra da Repar. Conforme a denúncia, 3% do valor total do contrato teria sido destinado a dirigentes da Petrobras na Diretoria de Abastecimento e na Diretoria de Serviços O juiz informa que o contrato gerou propinas de cerca de R$ 46.798.917,00. “A Odebrecht, com 51% de participação no contrato, é responsável por cerca de R$ 23.867.447,00 em propinas neste contrato”, diz a sentença. O advogado de Paulo Roberto Costa disse que o ex-diretor da Petrobras já colaborou com a Justiça em todos os casos em que ele estava envolvido. A defesa de Pedro Barusco informou que o ex-gerente da Petrobras já colaborou com a Justiça sobre tais fatos em seus depoimentos. O advogado James Walker Júnior, que representa o ex-gerente da Petrobras Roberto Gonçalves, disse que seu cliente já foi denunciado pelos fatos relatados pelos delatores da Odebrecht. A denúncia foi recebida no dia 24 de abril pelo juiz federal Sérgio Moro e a defesa aguarda o início do prazo para apresentar a resposta à acusação. O Partido dos Trabalhadores e a OAS não vão se manifestar. A UTC informou que não se pronuncia sobre investigações em andamento. Odebrecht "" A Odebrecht entende que é de responsabilidade da Justiça a avaliação de relatos específicos feitos pelos seus executivos e ex-executivos. A empresa está colaborando com a Justiça no Brasil e nos países em que atua. Já reconheceu os seus erros, pediu desculpas públicas, assinou um Acordo de Leniência com as autoridades brasileiras e da Suíça e com o Departamento de Justiça dos Estados Unidos, e está comprometida a combater e não tolerar a corrupção em quaisquer de suas formas. "" O G1 aguarda retorno do PP.",https://g1.globo.com/pr/parana/noticia/delacoes-da-odebrecht-petrobras-fez-pressao-para-incluir-oas-em-consorcio-para-obras-da-repar.ghtml,,"Por Aline Pavaneli e Erick Gimenes, G1 PR, Curitiba",politica,24/06/2017 08h16,news,fakebr:2623,fakebr
458,"Como funcionam os mísseis de micro-ondas que os EUA podem usar em caso de ataque da Coreia do Norte. Pentágono estuda novo tipo de arma há quase uma década. Mas do que se trata - e até que ponto seria efetiva para conter as ameaças de Pyongyang?.  Nos arredores da cidade de Albuquerque, no Estado do Novo México, uma equipe de especialistas da Força Aérea americana desenvolve uma arma pouco tradicional, mas que poderia ter um objetivo estratégico: deter os mísseis nucleares da Coreia do Norte. Não é um armamento qualquer. Trata-se de um tipo de arma eletromagnética que não é nociva para o ser humano e cuja base de funcionamento é a mesma tecnologia de um forno micro-ondas. E, segundo diversos especialistas em assuntos militares consultados pela BBC Mundo, o serviço em espanhol da BBC, poderia ser uma alternativa para desativar as armas nucleares de Pyongyang de forma efetiva, sem gerar grandes prejuízos. O ""Projeto de mísseis avançados de micro-ondas de alta potência de interferência eletrônica"" (Champ, na sigla em inglês) prepara, em essência, projéteis que emitem ondas de altíssima frequência, capazes de fritar sistemas eletrônicos. ""Tendo em conta o estado da tecnologia no mundo moderno, em que quase tudo funciona por meios digitais, esse tipo de míssil emite micro-ondas de altíssima frequência, capaz de interromper ou inativar os equipamentos eletrônicos"", explica James Fisher, porta-voz da base Kirtland da Força Aérea americana, em Albuquerque, a sede do projeto. O espaço, que foi um dos lugares de apoio para o Projeto Manhattan (a investigação dos Estados Unidos para desenvolver a bomba atômica durante a Segunda Guerra Mundial), agora centra suas investigações neste novo tipo de armamento baseado no espectro eletromagnético. ""O Champ é basicamente um míssil de cruzeiro, mas sem carga, que pode ser lançado por bombardeiros B-52 e que tem um alcance de uns 1.130 quilômetros"", detalha Fisher. Mas sua utilidade como armamento transcende o potencial lançamento de um míssil atômico pela Coreia do Norte. Não é a primeira vez que os Estados Unidos experimentam as ondas eletromagnéticas. Oriana Skylar, especialista em temas de segurança na Universidade de Georgetown, afirma que a Força Aérea investigou e utilizou o potencial das micro-ondas como arma no decorrer das últimas décadas. Segundo ela, equipes militares que fazem bombardeios eletromagnéticos foram utilizadas no Afeganistão e no Iraque com o objetivo de desativar bombas e drones. Mas a fascinação do Exército dos Estados Unidos com as micro-ondas parece remontar a várias décadas atrás. Uma divisão do Pentágono, chamada Projetos de Investigação Avançada de Defesa, foi encarregada nos anos 1960 de analisar os possíveis efeitos das micro-ondas no comportamento humano. ""Tudo começou com um bombardeio de micro-ondas realizado pelo governo da União Soviética contra a embaixada dos Estados Unidos em Moscou"", diz Sharon Weinberger, editora-chefe da revista especializada Foreing Policy e autora do livro ""The Imagineers of War: The Untold Story of Darpa, the Pentagon Agency That Changed the World"" (""Os imaginários da guerra: a história não contada de Darpa, a agência do Pentágono que mudou o mundo""). Esses fatos, que entraram para a história como ""o sinal de Moscou"", foram a base para o estudo de micro-ondas da Força Aérea americana, que chegou inclusive a irradiar macacos para estudar os possíveis efeitos nos seres vivos. Aquelas primeiras experiências com animais foram um fracasso, mas o desenvolvimento de armamentos baseados nessa tecnologia tomou novos rumos nos últimos anos. E ainda que os mísseis de micro-ondas lançados a partir de bombardeiros ainda não tenham sido utilizados em combate, os testes já efetuados deixaram o Pentágono otimista. Ainda que os especialistas assegurem que já foram realizados diversos testes para provar sua efetividade, o Departamento de Defesa dos Estados Unidos só liberou informação sobre um caso até agora: o primeiro. Ele teve lugar no deserto de Utah, em 2012, apenas três anos depois de se iniciarem oficialmente as primeiras investigações sobre esse tipo de armamento no laboratório da Força Aérea na base de Kirtland. De acordo com Fisher, em outubro desse ano, um bombardeiro B-52 lançou um míssil de micro-ondas sobre um deserto, uma área de mais de 4 mil quilômetros quadrados. Ali, os militares dispuseram, com antecedência, equipamentos elétricos em edifícios e construções similares. A quase totalidade dos aparelhos deixou de funcionar após o bombardeio. ""Um dos lados positivos desse tipo de armamento é que seu objetivo é danificar os sistemas eletrônicos sem afetar diretamente os seres humanos"", comenta Philip Bleek, especialista do Centro James Martin de Estudos sobre a Não Proliferação em Monterey, Califórnia. O analista explica que, ainda que se baseiem na mesma tecnologia que um forno de micro-ondas, a diferença entre ambos é que a radiação que esse tipo de armamento gera é menor em tempo e maior em intensidade do eletrodoméstico. No caso do aparelho de cozinha, a alta potência a longo prazo tem um efeito nocivo sobre os tecidos humanos, enquanto a rapidez de um bombardeio com um míssil desse tipo é capaz de queimar um circuito eletrônico, mas não a pele. De fato, segundo dados da base de Kirtland, o nível de radiação emitida por um míssil foi testado em mais de 13 mil pessoas e apenas duas precisaram de atendimento médico. Mas como esse armamento poderia ser utilizado para desativar os mísseis nucleares da Coreia do Norte? O porta-voz da base da Força Aérea de Kirtland afirma que o desenvolvimento desse tipo de armas não foi pensado como uma possível solução de defesa contra um ataque nuclear da Coreia do Norte. No entanto, seu uso com esse objetivo foi discutido na Casa Branca em agosto deste ano, segundo relataram dois funcionários do governo, sob condição de anonimato, à rede de TV americana NBC. De acordo com Bleek, um dos efeitos menos discutidos dos pulsos eletromagnéticos (emissão de energia eletromagnética de alta intensidade em um curto período de tempo) é a sua capacidade de prevenir detonações nucleares ao tornar os mísseis inoperantes. ""Esse pulso eletromagnético pode fritar circuitos eletrônicos não blindados em uma área significativamente maior que a ameaçada por uma explosão atômica"", explica o pesquisador. O especialista indica ainda que as armas que utilizam esse tipo de radiação danificariam qualquer tipo de dispositivo eletrônico, de telefones celulares a automóveis modernos. Assim, teoricamente também poderia fazer um míssil nuclear parar de funcionar. ""Digo teoricamente porque, na prática, os dispositivos militares (ou outros) podem se proteger dos efeitos desses pulsos com uma espécie de escudo eletromagnético"", explica. ""Uma vez que as armas nucleares estão desenhadas para funcionar durante uma guerra nuclear, é provável que estejam protegidas contra os efeitos dos pulsos eletromagnéticos, assim como os sistemas de comando e controle associados"", acrescenta. No entanto, o especialista, que trabalhou como assessor de temas de defesa para o Pentágono, acredita que o mais provável é que, dada a falta de experiência que Pyongyang tem no desenvolvimento de armamento nuclear, não conte com proteção eletromagnética. ""Parece bastante plausível que os mísseis da Coreia do Norte e a infraestrutura para dispará-los não contem com esses sistemas, o que faria com que seus foguetes fossem muito sensíveis aos pulsos eletromagnéticos, se tornando inofensivos."" Apesar disso, ele duvida que essas armas possam ser uma solução mágica para as ameaças do governo de Kim Jong-un. ""Se os Estados Unidos lançarem mísseis de cruzeiro no território da Coreia do Norte, isso seria considerado uma provocação, não importa que seja uma carga explosiva ou um dispositivo de pulsos eletromagnéticos"", sustenta.",https://g1.globo.com/mundo/noticia/como-funcionam-os-misseis-de-micro-ondas-que-os-eua-podem-usar-em-caso-de-ataque-da-coreia-do-norte.ghtml,,Por BBC,sociedade_cotidiano,13/12/2017 08h07,news,fakebr:458,fakebr
104,"Raquel insiste em bloqueio de bens de Aécio

Procuradora-geral da República recorre contra decisão do ministro Marco Aurélio Mello, do STF, que indeferiu o confisco

BRASÍLIA – A Procuradoria-Geral da República (PGR) entrou nesta quarta-feira (20) com recurso no Supremo Tribunal Federal (STF) contra decisão que negou o bloqueio de bens do senador Aécio Neves (PSDB-MG) e de Andrea Neves, sua irmã. Segundo a PGR, a medida busca garantir a reparação do dano moral coletivo decorrente da prática de corrupção passiva, além do pagamento de multa, sanções que podem ser aplicadas aos dois no fim da ação penal. Raquel Dodge, procuradora-geral da República, pede o bloqueio de R$7,4 milhões.

Aécio e Andrea foram denunciados pela PGR por terem solicitado e recebido R$ 2 milhões em propina pagos por Joesley Batista, da J&F. No inquérito, o senador também é acusado de obstrução da justiça, por tentar impedir as investigações da Operação Lava Jato.

No âmbito de reparação de dano moral à sociedade pelos crimes praticados, a PGR requer o bloqueio conjunto de R$ 4 milhões em bens dos acusados. Já em relação à multa, que é aplicada individualmente, a procuradoria requer que a Justiça determine o bloqueio de R$ 1,7 milhão em bens de cada um dos denunciados.

O pedido inicial era para que fossem bloqueados R$ 4 milhões de cada um. No entanto, a PGR ajustou o valor, afirmando que o dano moral coletivo tem “caráter solidário” e deve ser pago de forma conjunta pelos denunciados.

No recurso, a PGR contesta parcialmente a decisão tomada em novembro pelo relator do inquérito, o ministro Marco Aurélio, que negou os pedidos de sequestro e arresto de bens. Na ocasião, o ministro entendeu que o sequestro de R$ 2 milhões relativos à propina recebida não era necessário, porque o valor já havia sido depositado em conta judicial. Marco Aurélio também negou o pedido de bloqueio de bens, sustentando não haver certeza dos crimes imputados aos denunciados.

“Ao contrário do que foi afirmado pela decisão agravada, dos termos da denúncia se extrai, claramente, a certeza da materialidade do crime de corrupção passiva e indícios robustos de sua autoria por parte de Aécio e Andrea Neves”, diz trecho da petição de Dodge.

* COM A PALAVRA, O ADVOGADO ALBERTO ZACHARIAS TORON, QUE DEFENDE AÉCIO *

Nota da defesa do senador Aécio Neves

Há cerca de um mês o ministro Marco Aurélio, do STF, negou o mesmo pedido da PGR destacando a ausência de certeza sobre os crimes imputados aos denunciados e o fato de que o valor de dois milhões mencionado já havia sido depositado em conta judicial. Reitere-se que os valores não se referem a recursos públicos, a recursos ilícitos ou a contrapartida de qualquer natureza.
Nesse sentido, a defesa do senador Aécio Neves recebe com surpresa a reiteração de um pedido já indeferido pelo STF por sua falta de embasamento jurídico e fático.

Alberto Zacharias Toron
Advogado",http://politica.estadao.com.br/blogs/fausto-macedo/raquel-insiste-por-bloqueio-de-bens-de-aecio/,,Rafael Moraes Moura E Amanda Pupo,politica,20/12/2017,news,fakebr:104,fakebr
3041,"Nos enche de vergonha, diz Gilmar Mendes. Ministro do Supremo chamou ida de Lula para Casa Civil de ‘bizarrice’ e ‘desfaçatez’.  BRASÍLIA - Em manifestações politizadas no plenário do Supremo Tribunal Federal, o ministro Gilmar Mendes fez ontem uma série de críticas ao governo Dilma Rousseff e disse que a ida do ex-presidente Luiz Inácio Lula da Silva para a chefia da Casa Civil é “uma bizarrice que nos enche de vergonha” e uma “desfaçatez”. “É preciso muita desfaçatez para obrar desta forma com as instituições. É preciso ter perdido aquele limite que distingue civilização de barbárie”, disse o ministro do Supremo. As manifestações foram feitas antes da divulgação dos áudios em que Lula e Dilma conversam sobre o “termo de posse” de ministro. Gilmar Mendes considera que Lula vem a Brasília assumir o cargo de ministro para fugir da investigação da Operação Lava Jato que corre em Curitiba, sob condução do juiz federal Sérgio Moro, considerado um juiz severo por prender dirigentes das maiores empreiteiras do País. No mesmo horário em que o ministro disparava as críticas, a presidente Dilma Rousseff, do outro lado da Praça dos Três Poderes, afirmou a jornalistas em entrevista no Palácio do Planalto que a prerrogativa de foro privilegiado – que Lula ganha ao se tornar ministro – não significa não ser investigado. No plenário, o ministro disse que o Supremo deu um “balão de oxigênio” à presidente Dilma Rousseff em dezembro do ano passado, ao definir o rito do impeachment com pontos favoráveis ao governo. Mas a crise política, segundo ele, só se agravou de lá para cá. ‘Último lance’. “O balão de oxigênio que a Corte deu à presidente naquele momento parece que não foi efetivo. Agora, estamos diante desse quadro mais caricato, talvez um dos mais caricatos que a nacionalidade já tenha enfrentado. Como último lance talvez busca-se o ex-presidente em São Bernardo (do Campo) para assumir a chefia da Casa Civil a pretexto de dar sobrevida ao governo e de lhe dar algum conforto no foro privilegiado, causando a esta Corte um grande desconforto. É quase uma acusação de que esta Corte será complacente, compreensiva com os mal feitos”, disse Gilmar Mendes. O ministro do Supremo mencionou também a delação premiada do senador Delcídio Amaral (sem partido-MS) no âmbito da Lava Jato, divulgada ontem. “Já disse que, se tivéssemos consciência do petrolão, certamente declinaríamos da competência para julgar o mensalão, porque teria que ser julgado em pequenas causas. Agora, o senador Delcídio diz que ‘o autor intelectual de toda esta operação é o presidente da República’, que vai ser agora chefe (da Casa Civil) do governo. Uma condição de uma bizarrice que nos enche de vergonha”, disse. Ele sugeriu que, agora, o procurador-geral da República, Rodrigo Janot, investigue o petista. ‘Tutor’. Mendes usou de ironia para afirmar que Dilma escolheu um “tutor” para assumir seu lugar. “A crise política só se agravou, a ponto de agora a presidente buscar um tutor para colocar no seu lugar de presidente e ela assume outro papel. Não se salva quem não merece ser salvo. É um tutor que vem com problemas criminais muito sérios”, disse Gilmar Mendes. A cada frase, o ministro gerava risos constrangidos na plateia formada por advogados, parlamentares e estudantes de direito. As críticas não ficaram restritas à nomeação de Lula. O ministro sugeriu que a barganha política de cargos no governo pelo PMDB, partido da base, é uma “fórmula de corrupção”. Ele mencionou a nomeação do deputado Mauro Lopes (PMDB-MG) para a Secretaria de Aviação Civil e do ministro da Saúde, Marcelo Castro, também cota do partido, como nomes que foram indicados como moeda de troca com o PMDB da Câmara dos Deputados. “Nós fazemos discurso de combate à corrupção e vemos isso de maneira clara, transparente, dois ministérios”, disse Gilmar Mendes. Em fevereiro, Marcelo Castro chegou a pedir exoneração do cargo de ministro da Saúde por um dia para participar da eleição do líder do PMDB da Câmara e ajudar a eleger o deputado Leonardo Picciani (PMDB-RJ), aliado do Palácio do Planalto. PONTOS DE VISTA: “Os políticos que vão entrar com medida para anular a nomeação tem total fundamento jurídico e não só político. Ela (Dilma) cometeu um crime de responsabilidade, com base na lei que fala sobre os crimes de responsabilidade do presidente da República. Ela está impedindo o livre exercício do Judiciário, criando a figura de uma conduta de improbidade” Modesto Carvalhosa - JURISTA “Essa nomeação é uma fraude à lei. Pegar alguém que está sendo acusado de atos ilícitos, vai ser julgado normalmente em primeira instância, e colocá-lo na posição de ministro para que ele fuja da competência desse juiz não tem nada a ver com preservar a atuação como ministro. Ele (Lula) está sendo posto na função fraudulentamente” Fernando Dias Menezes de Almeida - PROFESSOR DE DIREITO DA USP “Do ponto de vista jurídico, acho que vai haver questionamento, mas não vejo chance de êxito. O risco que existe é que isso seja questionado em ação popular; Acho difícil o Supremo negar a validade da nomeação porque isso seria interferir na decisão de uma presidente da República. A nomeação é uma decisão da presidente” Floriano Peixoto de Azevedo Marques Neto - PROFESSOR DE DIREITO DA USP","http://politica.estadao.com.br/noticias/geral,nos-enche-de-vergonha--diz-gilmar-mendes,10000021719",,"Beatriz Bulla, Isadora Peron e Gustavo Aguiar, O Estado de S.Paulo",politica,17 de março de 2016,news,fakebr:3041,fakebr
1129,"Congresso corre contra o tempo para aprovar reforma política; veja propostas. Parlamentares têm até 7 de outubro para aprovar mudanças a fim de que novas regras entrem em vigor já em 2018. Entre os pontos, está a criação de fundo público de cerca de R$ 3,6 bilhões..  Em meio à instabilidade e à divisão do Congresso em relação ao governo Michel Temer, um tema une a classe política: a necessidade de uma reforma nas regras para as próximas eleições, principalmente, as de 2018. Para valerem já no ano que vem, as novas regras previstas para o pleito precisam ser aprovadas até 7 de outubro, ou seja, 12 meses antes das eleições do próximo ano. Atualmente, os deputados negociam três textos: duas Propostas de Emenda à Constituição (PECs) e um projeto de lei. As sugestões da Câmara promovem mudanças na Constituição, na Lei de Eleições, no Código Eleitoral e na Lei dos Partidos Políticos. Diante do prazo exíguo, três comissões da Câmara têm reuniões agendadas para esta semana com o objetivo de dar andamento às propostas . Entre os projetos, está o que cria um fundo de cerca de R$ 3,6 bilhões com recursos públicos para o financiamento de campanhas. Nesta terça-feira (8), a comissão especial criada na Câmara para elaborar propostas de mudanças no sistema político e eleitoral deve votar parecer do deputado Vicente Cândido (PT-SP) sobre a Proposta de Emenda à Constituição (PEC) que, entre outros pontos, prevê: Há uma grande preocupação entre os parlamentares com uma eventual falta de recursos para financiamento de campanhas caso novas formas de arrecadação não sejam aprovadas. Com a proibição do financiamento empresarial de campanhas , determinada pelo Supremo Tribunal Federal (STF) em 2015, há uma expectativa de diminuição de receitas, que na avaliação de vários partidos pode inviabilizar as campanhas. Saiba abaixo os assuntos em discussão: Entre as propostas em análise, está a que institui o Fundo Especial de Financiamento da Democracia que será mantido com recursos públicos, previstos no orçamento. Para 2018, o valor do fundo será de 0,5% da Receita Corrente Líquida no período de junho 2016 a junho de 2017, o que corresponde a cerca de R$ 3,6 bilhões. Pela proposta, o valor será distribuído seguindo uma lógica de funções e partidos: Depois, a divisão seria feita entre os partidos: O tamanho das bancadas será aferido no dia 10 de agosto de 2017. Segundo a proposta, cabe aos partidos a distribuição dos recursos entre diretórios e candidatos do país. O projeto estabelece ainda que nenhuma campanha poderá receber de recursos públicos mais de 70% do teto de gastos para a respectiva função. Pelo texto, será exigida a apresentação de um plano de aplicação dos recursos como forma de transparência. Para as eleições de 2022, o percentual do fundo será reduzido à 0,25% da Receita Corrente Líquida, uma vez que se espera a aprovação de um modelo eleitoral mais barato do que o que valerá em 2018. Para 2018, o teto de gastos de campanha será definido por cargo, levando em consideração o tamanho da população do estado. Nos estados com população menor que um milhão de habitantes, por exemplo, o teto será de R$ 4 milhões para candidatos a governador e de R$ 1,5 milhão para candidatos a uma vaga no Senado. Os valores vão subindo gradativamente, até chegar a estados com população maior que 20 milhões de habitantes, que terão limite de R$ 30 milhões para governador e de R$ 8 milhões para senador. O limite de gastos nas campanhas dos candidatos a deputado federal em 2018 será de R$ 2,2 milhões. Nas campanhas de deputado estadual e distrital, será de R$ 1,7 milhão. Apesar do desejo de alguns deputados, a proposta não mexe na proibição de financiamento de empresas para campanhas políticas. O texto, no entanto, prevê novas regras para o financiamento privado de pessoas físicas. Para 2018, cada pessoa física poderá doar, para cada função, até 10 salários mínimos ou até 10% da receita bruta declarada no exercício financeiro do ano anterior. Entre essas duas possibilidades, prevalecerá a que tiver o menor valor. Candidatos a deputado federal e estadual poderão doar para as próprias campanhas até o limite de 7% do teto de gastos para cada cargo. As doações de até três salários mínimos não poderão ser divulgadas publicamente, segundo a proposta. Somente terão conhecimento os órgãos de controle – Receita Federal e Tribunal Superior Eleitoral – e os próprios partidos políticos. O objetivo do sigilo é evitar eventuais perseguições políticas a doadores. Nas eleições posteriores a 2018, cada pessoa física poderá doar até 10 salários mínimos ou até 10% da receita bruta declarada no exercício financeiro do ano anterior (o que for menor), somadas todas as doações. Além disso, cada candidato poderá doar para a sua campanha os mesmos limites aplicados às pessoas físicas. A proposta prevê três modalidades de financiamento pela internet: A proposta cria uma cláusula de desempenho eleitoral. Haverá restrição do funcionamento parlamentar, do acesso ao fundo partidário e do acesso gratuito ao rádio para partidos que não atingirem o quociente mínimo de votos. A Proposta de Emenda à Constituição (PEC) aprovada no Senado no fim de 2016 estabelece essas restrições às legendas que não alcançarem pelo menos 3% dos votos válidos nas eleições para a Câmara, distribuídos em pelo menos 14 estados, com um mínimo de 2% dos votos em cada um. Na Câmara, a relatora Shéridan (PSDB-RR) vai propor uma regra de transição da seguinte maneira: começará com um patamar mínimo de 1,5% dos votos em 2018, subindo 0,5% a cada eleição, até alcançar 3% somente em 2030. O número exigido de estados será reduzido de 14 para 9. Pelo texto, a legenda que não atingir a cláusula de desempenho poderá se unir a uma federação partidária, sem perder os benefícios. A PEC também acaba com coligações para eleições proporcionais (deputados e vereadores) a partir de 2020. Atualmente, a legislação permite alianças entre os partidos. Por esse sistema, os votos obtidos pelas siglas são somados, e se elegem os candidatos mais votados da coligação. O relatório estabelece que todas as pessoas interessadas em se candidatar deverão fazer uma habilitação prévia no mês de fevereiro do ano da eleição. O objetivo é evitar os casos em que análises da Justiça Eleitoral sobre candidatos acabam sendo feitas depois da eleição. O relator Vicente Cândido chegou a incluir no parecer um dispositivo para proibir a prisão de candidatos, exceto em flagrante, até oito meses antes das eleições. Esse trecho, que ficou conhecido como “emenda Lula”, deverá ser retirado do projeto. O prazo total para a campanha eleitoral e para o tempo de propaganda dos candidatos passará de 45 para 60 dias. Será aberta a possibilidade de propaganda paga na internet, até o limite de 5% do teto de gastos para a função em disputa. Haverá ainda permissão de propaganda eleitoral via telemarketing, no intervalo de 9h a 20h. Será proibida a divulgação de pesquisas eleitorais na semana anterior à eleição. Hoje, só há restrição no dia da votação, quando as pesquisas de boca de urna só podem ser divulgadas após o término da votação. Haverá a possibilidade de impugnação do registro de pesquisa (para divulgação) em caso de falha nas informações prestadas e na metodologia. Pela proposta elaborada pelo deputado Vicente Cândido, o sistema eleitoral será mantido em 2018, no modelo proporcional com lista aberta. Nele, é possível votar tanto no candidato quanto na legenda, e um quociente eleitoral é formado, definindo quais partidos ou coligações têm direito de ocupar as vagas em disputa. Com base nessa conta, o mais bem colocado de cada partido entra. A alteração proposta diz respeito a uma limitação no número de candidatos. A depender do número de vagas a serem preenchidas, cada partido terá um limite específico de candidatos que poderá lançar. O projeto prevê que, a nas eleições de 2022, seja adotado o chamado sistema misto, uma mescla dos sistemas proporcional e majoritário. Para a Câmara dos Deputados, por exemplo, o total de vagas para cada estado será dividido por dois. Metade será preenchida pelos candidatos mais votados em cada distrito (microrregião) do estado. A outra metade será preenchida proporcionalmente pelas listas fechadas ordenadas por cada legenda. Para a escolha de deputados federais, o eleitor votará duas vezes. Uma para candidatos no distrito e outra para as listas fechadas dos partidos. Especialistas dizem que esse modelo reduz os custos de campanha, pois o partido faz campanha para as listas, e não individualmente para cada candidato. Além disso, os candidatos para as vagas do distrito concentram as campanhas nas microrregiões, o que evita gastos com deslocamentos por todo o estado. No plebiscito, a população expressa posição favorável ou contrária à elaboração ou execução de um ato normativo ou de gestão relacionado ao assunto em questão. Já no referendo, a sociedade dá opinião favorável ou contrária a um ato já elaborado e aprovado. De acordo com o texto, a realização de plebiscito sobre questões de interesse nacional dependerá de aprovação do Congresso, por meio de projeto de decreto legislativo, assim como funciona atualmente. Mas os requisitos de apresentação serão facilitados. Esse projeto de decreto legislativo poderá ser apresentado por um deputado ou senador, com a assinatura de ao menos um décimo dos membros da Casa (51 deputados ou 8 senadores). Hoje, essa convocação só pode ser analisada pelo Congresso se houver a assinatura de no mínimo um terço dos deputados (171) ou um terço dos senadores (27). Pelo projeto, a chamada da consulta popular também poderá resultar de solicitação do presidente da República ou de petição popular. Nesses casos, o Congresso precisará transformar os pedidos em projeto de decreto legislativo, que exigirá também um terço de votos. Os referendos poderão ser convocados para avaliar emendas à Constituição, leis e outras normas. O resultado será sempre aferido por maioria simples dos votos. Se, na consulta, uma lei em vigor for rejeitada, deverá ser revogada. O texto estabelece que as consultas poderão ser feitas no mesmo dia das eleições. O relatório mantém o número mínimo de assinaturas para que seja apresentado um projeto de lei de iniciativa popular, mas facilita a coleta e a conferência, por meio de plataformas digitais. Para a apresentação, fica exigida subscrição de no mínimo 1% do eleitorado nacional, distribuído por pelo menos cinco estados e não menos de 0,3% dos eleitores de cada um deles (em 2016, o Brasil tinha 144,1 milhões de eleitores). Haverá um prazo máximo de dois anos para que as assinaturas sejam recolhidas. A coleta de assinaturas por meio eletrônico deverá atender requisitos estabelecidos pela Câmara, com critérios de segurança e de transparência. A plataforma tecnológica será disponibilizada gratuitamente pelo Congresso. Hoje, a lei define prazos distintos para que pessoas interessadas em se candidatar a cargos públicos deixem seus postos ou funções para concorrer nas eleições. Esse prazo, dependendo do cargo, pode variar de três a seis meses. Pelo projeto da Câmara, será feita uma uniformização dos prazos de desincompatibilização, passando todos para seis meses antes da eleição. A proposta também define que será exigida comprovação dos atos de campanha eleitoral feitos por candidatos que forem servidores públicos, com a finalidade de evitar “situações como as de servidores que se candidatam apenas para gozar de licença remunerada. Atualmente, a lei determina que servidores públicos licenciados para se candidatarem nas eleições continuarão recebendo salário durante a campanha. Ao ser aprovado pela comissão, foi retirada do texto a exigência de que líderes religiosos se afastem de suas atividades para disputar as eleições. O Palácio do Planalto participa das articulações da reforma política, defendida publicamente pelo presidente Michel Temer. Nos bastidores, de acordo com apuração do G1 , a área política do governo considera viável aprovar para 2018 apenas o fundo eleitoral e, talvez, cláusula de barreira e fim das coligações nas proporcionais. Na quinta-feira (3), em entrevista à rádio Band News, Temer voltou a citar o parlamentarismo como alternativa para a reforma política . ""Poderíamos pensar em parlamentarismo para 2018. Não seria despropositado"", disse. Um dos principais interlocutores junto ao governo é o ministro do Supremo Tribunal Federal, Gilmar Mendes, que atualmente preside o Tribunal Superior Eleitoral. No domingo (6), como informou a colunista do G1 Andréia Sadi, ele se encontrou com Temer no Palácio do Jaburu . A pauta do encontro, de acordo com Gilmar, foi reforma política. O mesmo assunto foi tratado em uma reunião com o ministro Moreira Franco (Secretaria-Geral) na última semana. ""A situação é mais complicada do que a mera definição de uma modelagem de financiamento ou de regras eleitorais, o sistema dá sinais de fragilidade, vivemos uma anomia"", disse Moreira em entrevista ao G1 . Questionado sobre quais mudanças podem ser aprovadas pelo Congresso, o ministro evitou citar as alterações que terão a bênção do Palácio do Planalto. Ele afirmou que sua intenção é intensificar as conversas com parlamentares, juristas e cientistas políticos para encontrar caminhos para a reforma.",https://g1.globo.com/politica/noticia/congresso-corre-contra-o-tempo-para-aprovar-reforma-politica-veja-propostas.ghtml,,"Por Gustavo Garcia, Bernardo Caram e Guilherme Mazui, G1, Brasília",politica,08/08/2017 05h00,news,fakebr:1129,fakebr
1006,"Em decisão unânime, tribunal condena Lula em segunda instância e aumenta pena de 9 para 12 anos. Recurso contra condenação pelo juiz Sérgio Moro foi rejeitado pelos três desembargadores da 8a Turma do TRF-4. Esgotadas as possibilidades de recurso no tribunal, Lula poderá ser preso..  Por unanimidade, os três desembargadores da 8a Turma do Tribunal Regional Federal da 4a Região (TRF-4) votaram nesta quarta-feira (24) em favor de manter a condenação e ampliar a pena de prisão do ex-presidente Luiz Inácio Lula da Silva por corrupção passiva e lavagem de dinheiro no caso do triplex em Guarujá (SP). Votaram no julgamento, que durou 8 horas e 15 minutos (além de uma hora de intervalo) o relator do processo, João Pedro Gebran Neto, o revisor, Leandro Paulsen e o desembargador Victor dos Santos Laus. VEJA VÍDEOS DO JULGAMENTO DE LULA NO TRF-4 Em julgamento na sede do tribunal, em Porto Alegre, os desembargadores se manifestaram em relação ao recurso apresentado pela defesa de Lula contra a condenação a 9 anos e 6 meses de prisão determinada pelo juiz federal Sérgio Moro, relator da Operação Lava Jato na primeira instância, em Curitiba. Lula se diz inocente . Os três desembargadores decidiram ampliar a pena para 12 anos e 1 mês de prisão, com início em regime fechado. O cumprimento da pena se inicia após o esgotamento de recursos no âmbito do próprio TRF-4. Como a decisão foi unânime, o único recurso disponível para a defesa no TRF-4 são os chamados embargos de declaração, que não têm poder de reverter a condenação, mas somente esclarecer ambiguidades, pontos obscuros, contradições ou omissões no acórdão (documento que oficializa a decisão). A defesa, no entanto, ainda poderá tentar inocentar Lula nas instâncias superiores (Superior Tribunal de Justiça e Supremo Tribunal Federal). Mas, após o julgamento dos embargos no TRF-4, poderá ser expedida ordem de execução de sentença. Nesse caso, ao recorrer ao STJ e depois ao STF, Lula já poderá estar preso. RESUMO Lula foi acusado pelo Ministério Público de receber propina da empreiteira OAS . A suposta vantagem, no valor de R$ 2,2 milhões, teria saído de uma conta de propina destinada ao PT em troca do favorecimento da empresa em contratos na Petrobras. Segundo o MP, a vantagem foi paga na forma de reserva e reforma do apartamento no litoral paulista, cuja propriedade teria sido ocultada das autoridades. Um dos depoimentos que baseou a acusação do Ministério Público e a sentença de Moro é o do ex-presidente da OAS Léo Pinheiro , também condenado no processo. Além de Lula, também foram julgados Léo Pinheiro (presidente afastado da OAS); Paulo Okamotto (presidente do Instituto Lula); Agenor Franklin Magalhães Medeiros, Paulo Roberto Gordilho, Fabio Hori Yonamine, Roberto Moreira Ferreira (diretores da OAS). A condenação pelo TRF-4, tribunal de segunda instância, confirma sentença proferida em julho do ano passado por Moro na primeira instância. Lula não será preso de imediato . Antes mesmo do julgamento, o TRF-4 já havia anunciado que só haverá prisão depois de se esgotarem todas as possibilidades de recurso no tribunal. A decisão dificulta, mas não impede, a candidatura de Lula à Presidência na eleição deste ano. Mas o registro da candidatura dependerá de uma manifestação do Tribunal Superior Eleitoral (TSE). Após a abertura da sessão pelo desembargador Leandro Paulsen, o julgamento começou pela leitura de um resumo dos argumentos da acusação e da defesa pelo desembargador João Pedro Gebran Neto. Em seguida, falando pela acusação, o procurador regional da República Maurício Gerum, reconstituiu o caso e relatou as provas apresentadas pelo Ministério Público Federal e que, segundo ele, a defesa não conseguiu contestar. O procurador começou sua fala atacando a “tropa de choque” mobilizada para pressionar o Judiciário pela absolvição de Lula. “A truculência dessa tropa de choque no processo judicial está muito próxima de configurar o crime de coação no processo”, afirmou. Depois, Gerum defendeu a independência dos magistrados para decidir o caso, rebatendo que seja um “julgamento político”, o que seria “ignorância histórica” e “desrespeito”. “Se esta Corte absolver o ex-presidente Lula, a justiça será feita. Se esta corte decidir manter a condenação do ex-presidente Lula, a justiça também será feita”, completou o procurador. Ao falar sobre a acusação, Gerum narrou como o ex-presidente e a ex-primeira-dama Marisa Letícia optaram pela compra do apartamento ainda em 2005, quando o prédio era construído pela Cooperativa Habitacional dos Bancários de São Paulo (Bancoop). Destacou em seguida o repasse do imóvel à OAS e as reformas feitas a partir de 2014 para Lula. ""Não há dúvida probatória. Inúmeras notas fiscais, depoimentos e mensagens entre executivos, de que o imóvel estava sendo preparado para o ex-presidente”, disse. Depois, afirmou que não era possível que Lula desconhecesse o pagamento de propina na Petrobras. “Muito difícil de acreditar que esse imenso sistema de drenagem dos cofres da Petrobras pudesse passar ao largo de qualquer presidente da República. Quando pensamos no presidente Lula, com sua inteligência, perspicácia e experiência política, a dificuldade fica muito maior. Mas nós não precisamos ficar na suposição de que ele sabia. Além de ele mesmo afirmar em seu interrogatório que a palavra final de indicação de diretores da Petrobras era da Presidência, sua participação nos assuntos da maior estatal brasileira era evidente e transparece em áudios e diversos depoimentos”, declarou. Gerum dividiu o tempo de 30 minutos com o assistente da acusação René Ariel Dotti, contratado pela Petrobras. Dotti falou por dez minutos. Ele disse que a estatal sofreu um ""atentado"" contra seu patrimônio. ""Esse processo revela duas ilhas de um grande arquipélago de ilicitudes. A corrupção e a lavagem, neste caso notório, estão atreladas à cadeia de provas que é irresistível à mais simples das lógicas. A Petrobras acompanha as razões do recurso apresentado pelo MP e lamenta que, por mais de uma vez, a maior indústria petrolífera do Brasil, uma das maiores do mundo, sofre atentado gravíssimo contra o patrimônio"", afirmou. Ele disse esperar que o ""produto obtido pelo crime"" reverta em favor da Petrobras, ""uma espécie de justiça restaurativa"". Também reivindicou a fixação de um valor mínimo para reparação dos danos. Dois advogados de defesa se manifestaram após a acusação – Fernando Fernandes, representante de Paulo Okamotto , presidente do Instituto Lula, e Cristiano Zanin, em defesa do ex-presidente Luiz Inácio Lula da Silva. O primeiro a falar foi Fernandes. Paulo Okamotto foi absolvido pelo juiz Sérgio Moro, mas a defesa recorreu para pedir a troca dos fundamentos da sentença. Moro absolveu Okamotto por falta de provas, mas a defesa quer a declaração de inocência. Paulo Okamotto foi o responsável por obter os recursos para transportar para o instituto o acervo de presentes e doações que Lula recebeu enquanto exerceu o mandato de presidente da República. A acusação do Ministério Público é que a OAS tenha feito o pagamento. ""Não há nenhum valor da OAS em relação ao acervo que tenha sido entregue para pagar a Granero [transportadora] e não tenha sido contabilizado ao instituto, ao Paulo Okamotto ou ao ex-presidente Lula. o valor foi pago diretamente à Granero. Essa atuação desmedida do Ministério Público é o indício das falhas neste processo. Detalhar as provas é fundamental"", afirmou Fernandes, que se referiu a um testemunho do antecessor de Lula, Fernando Henrique Cardoso, para apontar ""todas as dificuldades que um ex-presidente da República tem para manter e custear um acervo presidencial"". Em defesa de Lula, o advogado Cristiano Zanin Martins começou criticando o Ministério Público, por “censura à defesa, à academia e ao povo”, em razão das críticas feitas anteriormente pelo procurador Maurício Gerum. “Se vossa excelência ficou impressionado com artigos, manifestações de juristas nacionais e internacionais é porque algo de errado existe neste processo”, afirmou Zanin. Depois, apontou nulidade do processo alegando que não poderia ter sido encaminhado para o juiz Sérgio Moro, pela falta de conexão do caso com a Lava Jato. Ele citou decisão na qual Moro diz que o dinheiro obtido pela OAS nos contratos na Petrobras não financiou a reserva e a reforma do apartamento. O advogado ainda questionou a imparcialidade do juiz. Em relação à acusação, Zanin rebateu a tese da corrupção, alegando não haver provas de que o dinheiro obtido pela OAS em três contratos com a Petrobras foi usado no apartamento. Para ele, Moro fez uma “completa distorção quanto à origem da suposta vantagem indevida”. Quanto ao triplex, a defesa de Lula reafirmou que o imóvel nunca esteve em nome do ex-presidente. “O triplex não é do ex-presidente Lula. Todos sabemos que o triplex pertence e sempre pertenceu à OAS”, afirmou o advogado. Relator do processo, o desembargador João Pedro Gebran Neto votou pelo aumento da pena imposta a Lula, anteriormente fixada por Moro em 9 anos e 6 meses de prisão, para 12 anos e 1 mês, com início em regime fechado. Em um voto de três horas e meia, ele não leu todas as 430 páginas do relatório. No texto, ele apontou “culpabilidade extremamente elevada” pelo fato de o petista ter ocupado a Presidência da República e de , segundo afirmou, ter ocupado posição de comando no esquema. Os desvios, justificou, não apenas prejudicaram a Petrobras, mas também deturparam o processo político. “A eleição de um mandatário, em particular de um presidente da República, traz consigo a esperança à população de um melhor projeto de vida. Críticas merecem, portanto, todos aqueles que praticam atos destinados a trair ideais republicanos, sem descuidar, por óbvio, que a corrupção aqui tratada está inserida em um contexto muito mais amplo e, assim, de efeitos perversos e difusos”, afirmou. Gebran Neto começou o voto negando pedidos da defesa para anular a sentença por falta de competência de Moro. Ele apontou outras decisões do TRF-4 que mantiveram o caso com o juiz em razão de conexão com a Lava Jato. O magistrado também descartou suposta parcialidade do juiz e justificou a condução coercitiva de Lula determinada por Moro e as quebras de sigilo telefônico com advogados. “Houve a participação de advogados e representantes para garantia de defesa no ato, além de cautelas do magistrado para que o ato fosse o menos espetaculoso possível”, afirmou. Após rejeitar todos os pedidos para anular o processo, o desembargador contestou a tese de Lula de que não haveria uma contrapartida dele, como presidente da República, à OAS. Gebran Neto lembrou que não é preciso a formalização um ato de ofício, mas só a aceitação da promessa de receber vantagem e o poder para favorecer a empreiteira na Petrobras. “Não se exige a demonstração da participação ativa de Luiz Inácio Lula da Silva em cada um dos contratos porque em verdade era o garantidor do esquema maior que tinha por finalidade incrementar de modo subreptício o financiamento de partidos, pelo que agia nos bastidores para nomeação e manutenção de agentes públicos em cargos-chave para a organização criminosa”, disse. O desembargador também apontou o “estreito vínculo” entre Lula e o presidente da OAS, Léo Pinheiro, após enumerar obras em que a empreiteira foi favorecida na Petrobras. ""Há prova acima de razoável de que o ex-presidente foi um dos articuladores, se não o principal, do amplo esquema de corrupção. As provas aqui colhidas levam à conclusão de que no mínimo tinha ciência e dava suporte aquilo que ocorria no seio da Petrobras.” Em relação ao triplex, Gebran Neto reconheceu que não houve transferência formal do imóvel para Lula, mas citou depoimentos de que ele sempre esteve reservado para o ex-presidente, sobretudo em razão de reformas personalizadas para ele e Marisa Letícia. “É como se o apartamento tivesse sido colocado em nome de um laranja. Nesse caso, a ausência de transferência, transforma em determinado momento — na medida que podia ter sido transferido e não o foi, a pedido — a OAS como mera laranja do verdadeiro titular dessa unidade"", afirmou. Por isso, o fato de o imóvel permanecer como propriedade da OAS, mas para uso de Lula, comprovaria a tentativa de ocultar a vantagem indevida, configurando o crime de lavagem de dinheiro. Nas conclusões do voto, Gebran Neto chamou Lula de “avalista” e “comandante” do esquema de corrupção na Petrobras. “Havia inequívoca ciência do réu com relação aos malfeitos havidos na estatal. Ademais disso, dele dependia a continuidade e eficácia do esquema milionário e financiamento das campanhas eleitorais, de maneira que sua capacidade de decisão e conhecimento dos efeitos e abrangência do esquema espúrio mostrou-se fundamental”, disse. Revisor do processo, o desembargador Leandro Paulsen foi o segundo a votar , durante uma hora e meia, também pela condenação de Lula. Paulsen repetiu as penas estipuladas por Gebran Neto: ""Adiro ao voto do relator também no que diz respeito à dosimetria da pena"", disse. No início, afirmou que o processo não tratava “de pequenos desvios de conduta”, mas “ilícitos penais gravíssimos contra a administração pública e contra a paz pública, com prejuízos bilionários aos cofres públicos”. “Estamos tratando da revelação de criminalidade organizada envolvendo a própria estrutura do Estado brasileiro"". Assim como Gebran Neto, Paulsen também destacou, como “elemento relevantíssimo”, o fato de os crimes terem sido cometidos por um presidente da República. ""Luiz Inácio acabou por ser beneficiário pessoal e direto da propina que estava à disposição do PT, por quanto parte dela foi utilizada no triplex"", afirmou. Segundo o desembargador, ""a eleição e assunção ao cargo não põem o eleito acima do bem e do mal, não lhe permitem buscar fins nem agir por meios que não sejam os legais"". Paulsen também rejeitou questionamentos da defesa contra a atuação de Moro no processo, lembrando de decisões do próprio TRF-4 que confirmaram seus atos durante a investigação. O desembargador também manteve a absolvição de Paulo Okamotto, por não ver irregularidade no armazenamento, pela OAS, de parte dos presentes que Lula ganhou no Planalto. O revisor ainda citou entendimento do STF no julgamento do mensalão, no qual dirigentes do PT foram condenados pela compra de apoio político no Congresso em favor do governo Lula. Terceiro e último a votar, o desembargador Victor dos Santos Laus também acompanhou na íntegra o voto dos outros desembargadores. Em 1 hora e 10 minutos, ele iniciou elogiando a Operação Lava Jato pela qualidade dos investigadores, advogados e juízes que atuam no caso. Ele também reforçou afirmação de seus pares que o julgamento se dava sobre fatos, não pessoas. “A nós interessa o fato, aquilo que de concreto aconteceu. Pessoas se viram envolvidas. Mas repito: não julgamos pessoas. O fato de ser cometido por alguém é do mundo das coisas”, afirmou. Ele reconheceu, contudo, a complexidade do caso por envolver um presidente. ""Evidentemente que, de sua excelência, era esperada uma atitude absolutamente diferente. Ou seja, ciente dos fatos que aconteciam em seu entorno, deveria ter tomado providência, nós sabemos, e assim não o fez e ficou em silêncio. Para além disso, como demonstrou a situação da unidade habitacional, auferiu proveito dessa situação. Ou seja, são fatos lamentáveis, fatos que deslustram a biografia de sua excelência, mas que são fatos concretos, que ocorreram."" No meio do voto, Laus também rejeitou as contestações que a defesa de Lula apresentou ao longo do processo – como o impedimento de Sergio Moro – reforçando que todas já haviam sido analisadas pelo TRF-4 antes do caso chegar ao tribunal. Sobre o tríplex, o desembargador disse ter considerado todos os depoimentos tomados no processo, inclusive de quem colaborou com o caso, como os executivos da OAS Léo Pinheiro e Agenor Franklin Martins. A defesa alega que eles mentiram para obter benefícios.",https://g1.globo.com/politica/noticia/julgamento-recurso-de-lula-no-trf-4-decisao-desembargadores-da-8-turma.ghtml,,"Por Renan Ramalho e Filipe Matoso, G1, Brasília",politica,24/01/2018 16h33,news,fakebr:1006,fakebr
917,"Segunda-feira, 30 de outubro. Bom dia! Aqui estão as principais notícias para você começar o dia bem-informado..  Quase 72 mil desaparecimentos foram registrados no Brasil no ano passado . O dado é inédito e faz parte do Anuário Brasileiro de Segurança Pública, que será apresentado hoje. O G1 antecipa alguns números. O levantamento também traz um retrato da epidemia de violência no país. Em 2016, 437 policiais civis e militares perderam a vida em confrontos ou fora de serviço , um aumento de 17% em relação a 2015. Por outro lado, 4.224 pessoas foram assassinadas por policiais, o maior número em 8 anos. No Rio de Janeiro, onde está a polícia que mais morre e a 2a que mais mata no país, a violência tomou conta do noticiário no fim de semana mais uma vez. Na Rocinha, pelo menos duas pessoas foram baleadas. Ontem, um homem morreu após trocar tiros com policiais . Segundo a PM, ele portava uma pistola com o número 157 estampado, o que seria uma referência a Rogério 157, chefe do tráfico na comunidade. No sábado, um mototaxista foi ferido na coxa . Ele está internado. Na Zona Norte, uma cena macabra. Dois corpos foram esquartejados e deixados dentro de um pacote na entrada da favela do Pica-Pau, em Cordovil. A barbárie seria uma retaliação de traficantes após um adolescente ser executado por bandidos rivais. Um vídeo gravado pelos próprios criminosos mostra a invasão da favela, ocorrida na sexta. Assista abaixo . Na Penha, uma estudante de 17 anos morreu baleada em uma tentativa de assalto. Ela estava no carro com o namorado. Em São Gonçalo, um militar da Marinha foi morto a tiros por um policial civil . O presidente Michel Temer deve deixar hoje o hospital Sírio-Libanês, em São Paulo. No sábado, ele passou por uma cirurgia na próstata porque estava com retenção urinária. O problema fez com que o presidente fosse internado na semana passada, no mesmo dia em que a Câmara rejeitou a 2a denúncia contra ele. Temer só deve retornar a Brasília na quarta. Até lá, ficará descansando em São Paulo. Com um feriado na quinta e a viagem de Rodrigo Maia ao exterior, a Câmara deve ficar vazia nesta semana. Já o Senado tem um assunto importante na pauta: um projeto de lei que cria regras para o funcionamento dos aplicativos de transporte, como Uber, Cabify e 99. A votação pode ocorrer na terça. O clima está tenso na cidade de Humaitá, no Amazonas. Prédios e veículos do Ibama e do Instituto Chico Mendes foram incediados após uma operação contra o garimpo ilegal no Rio Madeira. Militares e policiais federais foram enviados à região para reforçar a segurança. Os órgãos ambientais decidiram retirar suas equipes da cidade . Foram controladas as chamas que consumiam a vegetação na Chapada dos Veadeiros , em Goiás. Segundo o chefe do parque, a chuva que caiu no fim de semana ajudou. O Instituto Chico Mendes diz que 68 mil hectares foram atingidos. Quatro policiais foram presos suspeitos de atirarem por engano em um delegado no Tocantins. Eles buscavam suspeitos de roubar um carro-forte. O delegado levou três tiros e perdeu parte de uma orelha, mas já teve alta. Ele narrou o episódio ao G1 : ""Me falaram para deitar no chão e apontaram as armas. Aí falei que era delegado"" . A 1a prova do Enem será no próximo domingo, e o G1 mostra quais foram os temas mais cobrados nas provas de ciências humanas entre 2009 e 2016. Mais de 370 mil eleitores estavam aptos ontem a decidir sobre o uso de armas de fogo pelos guardas municipais. Niterói foi a primeira cidade do país a ouvir sua população sobre o tema. De acordo com a prefeitura, a opção pelo não recebeu 13.478 votos , contra 5.478 votos para o sim. Entre os votantes, 25 moradores votaram nulo e oito, em branco. Vai esquentar a reta final do campeonato. Após mais uma derrota, o líder Corinthians pode ver a diferença cair para 3 pontos hoje, já que o Palmeiras enfrenta o Cruzeiro. Assista abaixo aos gols do Fantástico e veja a classificação . Lewis Hamilton fez o que precisava. Chegou em 9o no GP do México e faturou o 4o título mundial porque Vettel terminou a corrida na 4a colocação. Os rivais tiveram uma corrida de recuperação após se tocarem e precisarem voltar para os boxes ainda na 1a volta. Verstappen venceu.",https://g1.globo.com/agenda-do-dia/noticia/segunda-feira-30-de-outubro.ghtml,,Por G1,tv_celebridades,30/10/2017 01h30,news,fakebr:917,fakebr
573,"Temer indica ministro Alexandre de Moraes para vaga de Teori no STF. Com indicação, atual ministro da Justiça e Segurança Pública será submetido a sabatina no Senado. Se tiver o nome aprovado pelo plenário, ocupará vaga deixada por Teori Zavascki..  O porta-voz da Presidência, Alexandre Parola, informou que o presidente Michel Temer indicou nesta segunda-feira (6) o ministro da Justiça e Segurança Pública, Alexandre de Moraes , para a vaga de ministro do Supremo Tribunal Federal (STF). Moraes foi indicado para ocupar a cadeira deixada por Teori Zavascki, que morreu no mês passado . ""O presidente da República Michel Temer decidiu submeter à aprovação do Senado Federal o nome do ministro de Estado da Justiça e da Segurança Pública, Alexandre de Moraes, para o cargo de ministro do Supremo Tribunal Federal. As sólidas credenciais acadêmicas e profissionais do doutor Alexandre de Moraes o qualificam para as elevadas responsabilidades do cargo de ministro da Suprema Corte do Brasil."" Com a indicação, Alexandre de Moraes será submetido a uma sabatina na Comissão de Constituição e Justiça do Senado – os integrantes do colegiado ainda não foram definidos, mas a expectativa do presidente da Casa, Eunício Oliveira, é que a comissão seja instalada nesta quarta (8) . Em seguida, se a comissão aprovar o nome do ministro, a indicação terá de ser votada pelo plenário do Senado. De acordo com a assessoria do Ministério da Justiça, Alexandre de Moraes pediu uma licença de 30 dias até ser sabatinado no Senado. ""A intenção é não misturar temas do Ministério com as questões relativas à sua indicação"", informou a assessoria em nota. Como ainda não foi anunciado o novo titular da pasta, o substituto temporário será o atual secretário-executivo, José Levi. Alexandre de Moraes tem 48 anos, é filiado ao PSDB e foi secretário de Segurança Pública do estado de São Paulo no governo Geraldo Alckmin. Para se tornar ministro, ele terá de se desfiliar do partido, conforme determina a Constituição. O artigo 95 diz que é vedado ao juiz ""dedicar-se à atividade político-partidária"". Pela lei atual, um ministro do Supremo pode ocupar uma cadeira no tribunal até completar 75 anos de idade , quando deverá se aposentar compulsoriamente. O STF é composto por 11 ministros, mas, desde a morte de Teori Zavascki, em 19 de janeiro, vem funcionando com dez ministros. Nesta segunda, antes de o governo oficializar a indicação para o STF, Moraes se reuniu com o presidente Michel Temer no Planalto. Moraes deixou a Secretaria de Segurança Pública de São Paulo em maio do ano passado, quando passou a comandar o Ministério da Justiça, a convite do presidente Michel Temer - à época, Temer havia assumido o governo no lugar de Dilma Rousseff. Ao assumir o Ministério da Justiça, Moraes passou a atuar, ao lado de outros ministros, em ações para garantir a segurança na Olimpíada do Rio de Janeiro. À época, Moraes anunciou, por exemplo, uma operação da Polícia Federal que prendeu dez suspeitos de planejar terrorismo no evento esportivo. Em setembro, o ministro se envolveu em uma polêmica em relação à Operação Lava Jato. No dia anterior à prisão do ex-ministro petista Antônio Palocci , Moraes havia dito em Ribeirão Preto (SP) que haveria mais operação da Polícia Federal naquela semana . ""Teve a semana passada [operação] e esta semana vai ter mais, podem ficar tranquilos. Quando vocês virem esta semana, vão se lembrar de mim"", disse o ministro na ocasião. A fala de Moraes gerou uma repercussão negativa, a ponto de a Comissão de Ética Pública da presidência abrir um processo para apurar a conduta do ministro - o caso foi arquivado . Desde o início deste ano, a pasta comandada por Moraes ficou em evidência no noticiário com a crise do sistema prisional. As diversas rebeliões em presídios do país, que resultaram em dezenas de mortes de presos, levaram o ministro a visitar cidades onde havia ocorrido os motins e a autorizar homens da Força Nacional a fazer a segurança nos estados em situação mais emergencial. Também em decorrência das rebeliões, o ministro anunciou o Plano Nacional de Segurança , que já vinha sendo elaborado entre o Ministério da Justiça e outros órgãos do governo. O plano tem medidas em três áreas consideradas cruciais pelo governo: o comabte a homicídios, combate ao tráfico e ao crime organizado, e a modernização do sistema prisional. Na semana passada, Moraes viajou para Natal e Aracaju para iniciar ações do plano nessas duas capitais, consideradas em situação mais emergencial pelo governo. Embora tenha sido indicado por Temer para ocupar a vaga de Teori Zavascki, Alexandre de Moraes, se tiver o nome aprovado pelo Senado, não herdará a relatoria dos processos relacionados à Operação Lava Jato na Corte. Isso porque, na semana passada, o ministro Luiz Edson Fachin foi sorteado novo relator . Se vier a ocupar a vaga no Supremo, Moraes, entretanto, será o revisor dos processos. Formado em 1990 pela Faculdade de Direito da Universidade de São Paulo (USP), onde também é professor associado desde 2002, Alexandre de Moraes teve uma carreira política de ascensão rápida, tendo atuado como secretário municipal de Transportes da cidade de São Paulo (de 2007 a 2010), e secretário estadual do governador de São Paulo, Geraldo Alckmin, em duas pastas: de Segurança Pública (2014 a 2015), e da Justiça e da Defesa da Cidadania (2002 a 2005). Concluiu doutorado em Direito pela USP em 2000 e atuou também como professor da Universidade Presbiteriana Mackenzie e das Escolas Superior do Ministério Público de São Paulo e Paulista de Magistratura. Atualmente, sua inscrição na Ordem dos Advogados do Brasil (OAB) São Paulo está como ""inativa, sob licença"". Pouco antes de assumir a Secretaria da Segurança, em 2014, Moraes defendeu Eduardo Cunha (PMDB-RJ), ex-presidente da Câmara dos Deputados, em uma ação sobre uso de documento falso em que conseguiu a absolvição do peemedebista. Cunha teve o mandato cassado e está preso preventivamente em Curitiba (Paraná), no âmbito da Operação Lava Jato. Ainda como advogado, Alexandre de Moraes atuou em processos da área civil da Transcooper, uma cooperativa investigada pela Polícia Civil e o Ministério Público de São Paulo como suspeita em movimentações de lavagem de dinheiro e corrupção engendrado envolvendo a facção que atua dentro e fora dos presídios de São Paulo, o PCC (Primeiro Comando da Capital). À época, a banca de advocacia dele havia renunciado aos processos quando assumiu cargos públicos.",https://g1.globo.com/politica/noticia/temer-indica-ministro-alexandre-de-moraes-para-vaga-deixada-por-teori-zavascki-no-stf.ghtml,,"Por Luciana Amaral, G1, Brasília",tv_celebridades,06/02/2017 18h41,news,fakebr:573,fakebr
3020,"PF faz operação para cumprir mandado de prisão contra Jacob Barata e contra o filho do presidente da Alerj. Agentes estão desde o começo da manhã na casa do maior empresário do setor de ônibus, de Felipe Picciani, filho de Jorge Picciani e de Lélis Teixeira, ex-presidente da Fetranspor..  A Polícia Federal está nas ruas, na manhã desta terça-feira (14), para cumprir mandados de prisão contra o empresário Jacob Barata Filho, contra Felipe Picciani, filho do presidente da Assembleia Legislativa do Rio (Alerj), Jorge Picciani, e contra Lélis Teixeira, ex-presidente da Federação das Empresas de Transportes de Passageiros do Estado do Rio de Janeiro (Fetranspor). Ao todo, foram expedidos seis mandados de prisão preventiva, quatro de prisão temporária, quatro de condução coercitiva, além 35 mandados de busca e apreensão. O deputado Jorge Picciani, que é suspeito de receber propina da caixinha da Fetranspor, será levado para prestar depoimento na sede da PF. A informação chegou ao Ministério Público Federal com a delação premiada do doleiro Álvaro José Novis. A PF também cumpre mandados de busca e apreensão em Uberaba, no Triângulo Mineiro. Um dos alvos é uma fazenda onde fica a empresa Agrobilara, que pertence à família Picciani. Felipe comanda o negócio, que tem como sócios o pai, Jorge, e os irmãos Leonardo Picciani, ministro do Esporte, e Rafael Picciani, deputado estadual O líder do governo na Alerj, o deputado Edson Albertassi (PMDB), é outro alvo da ação. Ele foi indicado pelo governador Luiz Fernando Pezão para o Tribunal de Contas do Estado (TCE). Segundo o MPF, a indicação de Albertassi para a vaga de conselheiro no TCE pode ter sido uma manobra para que a organização criminiosa retomasse espaços perdidos com os afastamentos de conselheiros determinados pelo STJ. Nesta segunda (13), a Justiça concedeu uma liminar suspendendo a indicação do deputado estadual. Ainda de acordo com o MPF, a indicação também seria uma forma de atrapalhar as investigações, pois se ele ocupasse o cargo no TCE, a investigação sairia do Tribunal Regional Federal e passaria para o Superior Tribunal de Justiça. Entre os políticos que devem ser levados para prestar depoimento está o deputado Paulo Mello mas, segundo o delegado, ele não foi encontrado em casa na manhã desta terça, pois o apartamento está vazio e foi colocado à venda. Paulo Mello já atuou como secretário de Governo de Luiz Fernando Pezão, atual governador do Rio. A Operação Cadeia Velha, uma referência ao prédio histórico da Alerj, é um desdobramento da Lava Jato no Rio e foi desencadeada a partir da Operação Ponto Final , que investiga desvios de verba no transporte público do estado e que contava com a atuação de políticos do estado. Segundo o Ministério Público Federal, a investigação apura o uso da presidência e outros postos da Alerj para a prática de corrupção, associação criminosa, lavagem de dinheiro e evasão de divisas. A investigação durou seis meses e contou com quebras de sigilo bancário, telefônico e telemático, acordos de leniência e de colaboração premiada, além de provas obtidas a partir das Operações Calicute, Eficiência, Descontrole, Quinto do Ouro e Ponto Final. De acordo com as investigações, Lélis Teixeira era o responsável por dar as ordens para o pagamento de propina na ausência de José Carlos Lavouras, que era o presidente do Conselho de Administração da Fetranspor. A Agrobilara já foi citada em investigações da Lava-Jato por supostas atividades ilícitas na delação premiada do ex-presidente do Tribunal de Contas do estado do Rio, Jonas Lopes. Segundo a delação de Jonas Lopes, a compra de gado foi usada pra lavar dinheiro de propina. Em julho, quando a operação Ponto Final foi deflagrada, foram presos o empresário Jacob Barata, Lélis Teixeira, o ex-presidente do Departamento de Transportes Rodoviários do Rio (Detro), Rogério Onofre, e mais de 10 pessoas envolvidas no esquema de corrupção. Em março desse ano, Jorge Picciani já tinha sido alvo de condução coercitiva pela Polícia Federal para prestar depoimento. Ele ficou pouco mais de 3 horas na Superintendência da Polícia Federal no Rio, na Zona Portuária. A condução fez parte da Operação Quinto do Ouro, que investigou desvios de até 20% de contratos com órgãos públicos para autoridades, em especial membros do Tribunal de Contas do Estado do Rio (TCE-RJ) e da Alerj. Na ação, cinco dos sete conselheiros do TCE-RJ foram presos . Após isso, Picciani chegou a ser afastado da função na Alerj para se tratar do câncer. Mês passado, após retornar ao trabalho, ele avaliou que a decisão foi injusta. ""Nas delações, há uma hipótese de que tentam atingir sempre alguém de cima. Sei como me conduzi, jamais negligenciei com meus mandatos e cometi ato de ofício para beneficiar ou prejudicar quem quer que seja"", afirma. Dentro dessa hipótese, ele não descarta novas citações que - diz o deputado - serviriam somente para beneficiar o próprio delator. ""Tenho filho de 2 meses e de 38 anos. Tenho que tocar a vida. Não duvido que isso ocorra, mas não tenho essa preocupação. É acordar cedo, trabalhar, cuidar dos meus filhos e exercer com dignidade meu mandato"". Jacob Barata chegou a ser preso em julho desse ano, mas, cerca de um mês depois, após decisão do ministro do Supremo Tribunal Federal (STF), Gilmar Mendes, ele foi solto e deixou a cadeia pública José Frederico Marques , em Benfica, Zona Norte do Rio. A decisão de Gilmar Mendes derrubou uma ordem de prisão do juiz Marcelo Bretas, da Justiça Federal do RJ, no dia 17 de agosto. Neste mesmo dia, Gilmar Mendes havia determinado, pela primeira vez, a soltura de Barata Filho e Teixeira. Mas eles não chegaram a ser soltos, porque Bretas expediu novas ordens de prisão contra os envolvidos, por outros crimes. Na época, o Ministério Público Federal no Rio (MPF-RJ) chegou a enviar ao procurador-geral da República, Rodrigo Janot, um pedido de impedimento de Gilmar Mendes para atuar no caso. Um dos argumentos é que a filha de Barata é casada com o sobrinho do ministro, que foi padrinho do casamento. Mendes afirma que, pela lei, não há nenhum impedimento a atuação dele no caso. Veja abaixo os alvos da operação Cadeia Velha: Mandados de prisão preventiva: Mandados de prisão temporária: Mandados de intimação / condução coercitiva:",https://g1.globo.com/rio-de-janeiro/noticia/pf-cumpre-mandados-ligados-a-operacao-lava-jato-no-rio.ghtml,,"Por Arthur Gumarães, Bette Lucchese, Bruno Albernaz, Leslie Leitão, Paulo Renato Soares e Pedro Figueiredo, G1 Rio e TV Globo",politica,14/11/2017 06h22,news,fakebr:3020,fakebr
421,"Lava Jato e Mariana incentivaram investimento em gestão de crise no Brasil. Segundo especialistas, empresas que se tornam nacionalmente conhecidas após escândalos têm mais dificuldade em recuperar sua reputação.  SÃO PAULO - Acontecimentos como as operações Lava Jato e Carne Fraca e o rompimento da barragem de Fundão colocaram em xeque a reputação de grandes empresas perante o público. O impacto é ainda maior naquelas que se tornam conhecidas nacionalmente de repente e devido a um escândalo. Mas, segundo especialistas, esses episódios têm acendido o alerta para que as companhias se preocupem em preparar planos eficazes de gestão de crise. O resultado, segundo os analistas ouvidos pelo Estado , é uma melhora na postura das companhias envolvidas em polêmicas. O aumento da preocupação das companhias em desenvolver um plano sólido de gerenciamento de crise ficou evidenciado na pesquisa ""A gestão de riscos na América Latina"", realizada pela consultoria Marsh. Ao avaliar o comportamento de 330 empresas de dez países latinos com faturamento entre US$ 5 milhões e US$ 500 milhões, o estudo mostrou que em 2015 apenas 36% delas tinha um manual de crise a ser seguido. Em 2016, esse número saltou para 52%. Mesmo que a pesquisa não tenha um recorte exclusivo do Brasil, especialistas acreditam que as empresas nacionais estão cada vez mais preparadas. Mas, até chegar a esse patamar, algumas companhias tiveram suas reputações arrasadas e ainda estão lutando para recuperar sua imagem, principalmente aquelas que não eram conhecidas fora dos ramos em que atuam. Foram os casos da Samarco e da Odebrecht, por exemplo. A ferramenta Google Insights, que mede a popularidade de termos buscados no Google, mostra que, até o rompimento da barragem, as buscas pelo nome da mineradora eram de no máximo 9 pontos numa escala de 0 a 100. Após a crise, a procura atingiu o pico de 100 pontos e a média cresceu. O mesmo aconteceu com a empreiteira, que entre abril de 2012 e junho de 2015 tinha buscas de no máximo 20 pontos e, a partir daí, viu as pesquisas aumentarem até atingirem o pico de 100 pontos em março de 2016, com a condenação de Marcelo Odebrecht. A reação negativa do público nesses casos é muito mais notório do que a observada nas investigações envolvendo BRF, JBS e Petrobrás - marcas que já eram conhecidos e respeitados antes das operações Carne Fraca e Lava Jato. Uma evidência disso é que, comparando as principais buscas relacionadas à Petrobrás e à Odebrecht no Google Insights, as da estatal registravam palavras como ""concurso"", ""ações"" e ""estagiário"", enquanto na empreiteira apareciam termos como ""lista"", ""delação"" e ""Marcelo"". Outro fato que pode indicar que a Petrobrás não sofreu tantos danos à sua imagem com a operação é sua presença constante da estatal no ranking de ""Empresa dos Sonhos"" realizado pelo Grupo DMRH e pela Nextview. Entre 2009 e 2015, a petrolífera sempre esteve na primeira ou segunda posição da lista. Na pesquisa de 2016, ela aparece entre as 10 primeiras colocadas do ranking tanto dos jovens - na segunda colocação -, quanto na dos profissionais de média gestão e alta liderança - em sétimo e nono lugar, respectivamente. Em 2016, a Odebrecht só apareceu na lista dos mais jovens, na sexta posição. ""A Petrobrás tem uma conexão com as pessoas. Elas já tinham uma visão positiva dela antes da crise"", explica Marcos Figueira, professor da Fundação Getúlio Vargas. ""E isso mostra que o gerenciamento começa muito antes do episódio acontecer. Uma companhia precisa cuidar da sua imagem desde sempre, porque quando acontecer algo, ela já estará numa posição melhor, mais blindada"". A construção dessa imagem, segundo os analistas, acontece a cada contato que a marca tem com o público, seja através de ações ou do próprio lançamento de produtos ou serviços novos. ""Nomes como Sadia e Seara estão sempre falando com o consumidor. A cada novidade, lançamento e propaganda que elas estabelecem com o seu mercado, ela soma pontos com o público. Então, quando uma empresa assim comete um erro e se posiciona corretamente, ela é mais facilmente desculpada"", explica Jaime Troiano,  presidente da TroianoBranding, consultoria especializada em gestão de marcas. Resposta. Mesmo que as pessoas estejam familiarizadas com a empresa, a resposta certa em uma situação de crise é fundamental. Daniella Bianchi, diretora geral da consultoria Interbrand, explica que devem ser levados em consideração cinco pontos fundamentais: agilidade, transparência, consistência, foco e atitude. E, segundo os analistas, a postura dos frigoríficos durante a Operação Carne Fraca aconteceu da maneira correta e mostra que companhias brasileiras estão amadurecendo nesse quesito. No mesmo dia em que a operação foi deflagrada, as companhias emitiram propagandas e comunicados em que afirmaram que iriam colaborar com as investigações para detectar irregularidades e reforçaram sua preocupação com a qualidade dos alimentos que produzem. A rapidez no posicionamento, segundo os especialistas, é um dos principais pontos que as empresas devem considerar ao lidar com uma crise. ""Quando acontece uma crise, as empresas se lembram de casos em que houve demora e ocultação das respostas e agem rapidamente. Assumindo logo o que aconteceu, a empresa ganha em respeitabilidade e demonstra transparência"", afirma Troiano. O especialista lembra que, no caso do rompimento da barragem de Fundão, a Samarco não foi tão rápida e eficiente na resposta, o que atrapalhou o gerenciamento da crise. Na ocasião, além de a empresa ter divulgado que duas barragens se romperam ao invés de uma, um dos diretores teria dito que ""não era o caso de pedir desculpas à população"" e o então presidente da companhia, Ricardo Vescovi, teria se esquivado das perguntas a respeito da responsabilidade da empresa e das ações que ela deveria pôr em prática. A justificativa da mineradora é que a prioridade naquele momento era socorrer a população atingida. ""Minha percepção é que no início, mais do que explicar ao público o que estava acontecendo e o que ia ser feito, os esforços da empresa estavam voltados em atender aquela comunidade que tinha sido impactada"", explica Rosangela Coelho, gerente geral de comunicação e relações institucionais da Samarco. Ela conta que, após 40 dias desde o rompimento da barragem,  ela chegou para compor a comitiva montada para gerir aquela crise. ""Antes, a comunicação era eficiente, mas só com os interessados. Quando a companhia passou a ser conhecida por todos, por causa do que aconteceu, estruturamos uma área de gestão de crise, com comunicação mais ativa e estratégias digitais, coisa que não tínhamos antes"", conta. A gestão de crise da Odebrecht, que assim como a Samarco ganhou visibilidade nacional após um escândalo, dividiu a opinião dos analistas. Enquanto a veiculação do anúncio com o título ""Desculpe, a Odebrecht errou"" em referência às acusações de pagamento de propina foi avaliada como ""transparente"" e ""a única resposta que poderia ser dada naquele momento"", a demora e a falta de detalhamento do que seria colocado em prática dali pra frente foram reprovadas. ""Eles precisariam ter dito mais coisas do que disseram. Teria que ser detalhado quais as medidas, qual o modelo de governança e como a empresa vai garantir que aconteça"", afirma Fernando Luzio, da Luzio Strategy Group, consultoria especializada em gestão de crise e governança corporativa. Por meio de sua assessoria de imprensa, a empreiteira afirmou ao Estado que seus esforços neste momento são para mudar a atitude empresarial e fazer com que seus integrantes ""incorporem melhores práticas de conformidade por convicção"". Para isso, os funcionários estão recebendo treinamento sobre a atuação ética, íntegra e transparente e o grupo criou um Conselho de Administração próprio para cada negócio, além de ter ampliado o número de conselheiros independentes. Mudança de gestão . A mudança nos cargos de gestão de uma empresa também ajuda na recuperação do prestígio com o público. Segundo especialistas, anunciar que as equipes estão sendo reformuladas mostra que algo está sendo feito. Foi esse um dos fatores que ajudou a recuperação da imagem da Petrobrás. ""Embora o conceito da Petrobrás tenha caído, ela continua sendo uma empresa de prestígio. E nesse caso não foi uma ação de marketing, ou alguma resposta específica da crise. Foi, além da imagem que ela tinha, a mudança na gestão. Foi o fator Pedro Parente"", explica Troiano, fazendo referência ao nome do atual presidente da petrolífera, que assumiu o cargo em maio de 2016 com a missão de tentar equacionar a dívida e recuperar o caixa da empresa. Procurada pelo Estado , a Petrobrás não comentou o assunto. Seguindo o mesmo plano, a Odebrecht afirmou que desde 2016 seis dos 10 dirigentes de empresas foram substituídos. A empreiteira ainda destacou que tem ""condições de encontrar em seus quadros os líderes para conduzir as mudanças exigidas por esse momento"", mas que não hesitará em buscar executivos no mercado quando for necessário, como foi feito no caso dos responsáveis por conformidade. A BRF também anunciou, logo após a deflagração da Operação Carne Fraca, a criação da equipe de Gestão de Resposta. Por meio de sua assessoria de imprensa, a empresa disse que a estrutura foi criada em razão dos acontecimentos e é provisória, mas que poderá permanecer ativa pelo tempo que a companhia julgar necessário. A equipe é formada por um time ""multidisciplinar"" comandando pelo executivo Simon Cheng e um dos objetivos é ""dar suporte às estruturas de compliance, governança e integridade corporativa"". De dentro para fora . Informar e conversar com os profissionais da empresa é outra ação citada pelos especialistas como fundamental para lidar com um momento de crise. Segundo os analistas, o diálogo interno tem a função de aproximar o funcionário, fazendo com que ele perceba a importância que ele tem tanto para o funcionamento da companhia quanto no momento de recuperação. No entanto, é imprescindível que essa comunicação seja feita de forma verdadeira e aberta. ""É fundamental alinhar e repassar o que está sendo dito para o público interno. Para que eles se sintam respeitados e também para garantir que eles também se tornem antenas de divulgação daquela informação"", afirma Fernando Luzio. Essa aproximação com os funcionários foi fundamental para que empresas como a Samarco, a Odebrecht e a Petrobrás - envolvidas recentemente em crises - aparecessem no último ranking das empresas mais amadas pelos funcionários, segundo o site Love Mondays. Na lista, a Petrobrás aparece na 33a colocação, a Odebrecht na 14a e a Samarco na 17a. No caso da Samarco, assim que o rompimento da barragem de Fundão aconteceu, a empresa criou canais de contato com os funcionários como mensagens gravadas pelo presidente e pelos executivos explicando tudo que estava acontecendo e grupos no WhatsApp para tirar dúvidas. ""Queríamos que nosso empregado recebesse nossa informação antes de saber pela imprensa, ou pelo menos ao mesmo tempo"", afirma Rosângela Coelho. E a ideia, segundo a gerente, parece ter dado certo. Ela conta que logo após o desastre, mais de mil funcionários trabalharam na recuperação das comunidades de maneira voluntária.","http://economia.estadao.com.br/noticias/governanca,lava-jato-e-mariana-incentivaram-investimento-em-gestao-de-crise-no-brasil,70001741604",,"Nathália Larghi, O Estado de S.Paulo",sociedade_cotidiano,18 de abril de 2017,news,fakebr:421,fakebr
